timestamp,device_ip,protocol,bytes_sent,bytes_received,connections,status
2025-01-01 00:00:00,192.168.1.40,HTTP,35686,453,124,Suspicious
2025-01-01 00:01:00,192.168.1.31,TCP,100,60,5,Normal
2025-01-01 00:02:00,192.168.1.29,HTTPS,132,28,7,Normal
2025-01-01 00:03:00,192.168.1.26,HTTPS,826,108,3,Normal
2025-01-01 00:04:00,192.168.1.9,TCP,1200,89,9,Normal
2025-01-01 00:05:00,192.168.1.49,TCP,422,220,9,Normal
2025-01-01 00:06:00,192.168.1.26,HTTPS,739,66,0,Normal
2025-01-01 00:07:00,192.168.1.12,TCP,621,468,7,Normal
2025-01-01 00:08:00,192.168.1.25,UDP,447,96,7,Normal
2025-01-01 00:09:00,192.168.1.16,TCP,12,34,2,Normal
2025-01-01 00:10:00,192.168.1.33,UDP,25290,266,14,Suspicious
2025-01-01 00:11:00,192.168.1.29,TCP,1186,95,1,Normal
2025-01-01 00:12:00,192.168.1.14,HTTP,3,214,3,Normal
2025-01-01 00:13:00,192.168.1.16,TCP,123,245,2,Normal
2025-01-01 00:14:00,192.168.1.13,TCP,343,107,2,Normal
2025-01-01 00:15:00,192.168.1.3,TCP,16,126,6,Normal
2025-01-01 00:16:00,192.168.1.18,ICMP,229,300,5,Normal
2025-01-01 00:17:00,192.168.1.30,HTTP,197,74,6,Normal
2025-01-01 00:18:00,192.168.1.41,TCP,208,36,8,Normal
2025-01-01 00:19:00,192.168.1.13,UDP,1071,62,11,Normal
2025-01-01 00:20:00,192.168.1.26,UDP,14744,52,37,Suspicious
2025-01-01 00:21:00,192.168.1.34,UDP,355,303,7,Normal
2025-01-01 00:22:00,192.168.1.48,TCP,108,384,2,Normal
2025-01-01 00:23:00,192.168.1.18,HTTPS,317,98,7,Normal
2025-01-01 00:24:00,192.168.1.22,TCP,156,199,5,Normal
2025-01-01 00:25:00,192.168.1.48,HTTPS,75,219,11,Normal
2025-01-01 00:26:00,192.168.1.46,TCP,36,151,2,Normal
2025-01-01 00:27:00,192.168.1.35,TCP,431,10,4,Normal
2025-01-01 00:28:00,192.168.1.43,HTTP,223,40,4,Normal
2025-01-01 00:29:00,192.168.1.46,TCP,264,360,4,Normal
2025-01-01 00:30:00,192.168.1.20,TCP,31518,7,158,Suspicious
2025-01-01 00:31:00,192.168.1.2,HTTPS,669,242,5,Normal
2025-01-01 00:32:00,192.168.1.15,TCP,49,111,2,Normal
2025-01-01 00:33:00,192.168.1.27,TCP,320,57,4,Normal
2025-01-01 00:34:00,192.168.1.32,TCP,1354,208,10,Normal
2025-01-01 00:35:00,192.168.1.44,HTTPS,243,974,3,Normal
2025-01-01 00:36:00,192.168.1.3,TCP,481,123,6,Normal
2025-01-01 00:37:00,192.168.1.46,HTTPS,19,162,7,Normal
2025-01-01 00:38:00,192.168.1.33,TCP,1335,586,7,Normal
2025-01-01 00:39:00,192.168.1.20,TCP,5,707,6,Normal
2025-01-01 00:40:00,192.168.1.36,UDP,13188,71,33,Suspicious
2025-01-01 00:41:00,192.168.1.18,TCP,43,362,3,Normal
2025-01-01 00:42:00,192.168.1.38,TCP,435,596,7,Normal
2025-01-01 00:43:00,192.168.1.40,TCP,1184,35,1,Normal
2025-01-01 00:44:00,192.168.1.29,UDP,675,437,6,Normal
2025-01-01 00:45:00,192.168.1.34,TCP,1651,3,5,Normal
2025-01-01 00:46:00,192.168.1.36,UDP,39,54,8,Normal
2025-01-01 00:47:00,192.168.1.39,TCP,483,97,4,Normal
2025-01-01 00:48:00,192.168.1.42,TCP,301,9,4,Normal
2025-01-01 00:49:00,192.168.1.36,HTTP,1495,388,5,Normal
2025-01-01 00:50:00,192.168.1.34,HTTP,14487,1265,157,Suspicious
2025-01-01 00:51:00,192.168.1.6,HTTPS,405,439,6,Normal
2025-01-01 00:52:00,192.168.1.2,UDP,481,133,7,Normal
2025-01-01 00:53:00,192.168.1.31,HTTP,445,196,10,Normal
2025-01-01 00:54:00,192.168.1.35,TCP,360,459,7,Normal
2025-01-01 00:55:00,192.168.1.25,TCP,484,128,5,Normal
2025-01-01 00:56:00,192.168.1.12,TCP,512,60,5,Normal
2025-01-01 00:57:00,192.168.1.20,HTTP,211,128,3,Normal
2025-01-01 00:58:00,192.168.1.47,TCP,350,351,3,Normal
2025-01-01 00:59:00,192.168.1.31,TCP,236,0,6,Normal
2025-01-01 01:00:00,192.168.1.29,TCP,12675,412,30,Suspicious
2025-01-01 01:01:00,192.168.1.39,UDP,138,94,2,Normal
2025-01-01 01:02:00,192.168.1.40,TCP,383,79,7,Normal
2025-01-01 01:03:00,192.168.1.41,TCP,68,100,7,Normal
2025-01-01 01:04:00,192.168.1.7,TCP,334,570,2,Normal
2025-01-01 01:05:00,192.168.1.10,TCP,371,158,7,Normal
2025-01-01 01:06:00,192.168.1.3,UDP,423,98,5,Normal
2025-01-01 01:07:00,192.168.1.48,ICMP,730,27,7,Normal
2025-01-01 01:08:00,192.168.1.3,TCP,830,88,9,Normal
2025-01-01 01:09:00,192.168.1.12,HTTPS,99,20,6,Normal
2025-01-01 01:10:00,192.168.1.22,TCP,34875,256,10,Suspicious
2025-01-01 01:11:00,192.168.1.41,UDP,62,843,7,Normal
2025-01-01 01:12:00,192.168.1.39,HTTP,613,452,5,Normal
2025-01-01 01:13:00,192.168.1.14,TCP,936,40,5,Normal
2025-01-01 01:14:00,192.168.1.32,UDP,416,377,6,Normal
2025-01-01 01:15:00,192.168.1.44,TCP,441,211,4,Normal
2025-01-01 01:16:00,192.168.1.5,HTTP,11,316,3,Normal
2025-01-01 01:17:00,192.168.1.15,HTTPS,1298,179,6,Normal
2025-01-01 01:18:00,192.168.1.41,UDP,238,409,4,Normal
2025-01-01 01:19:00,192.168.1.27,HTTPS,212,127,4,Normal
2025-01-01 01:20:00,192.168.1.25,UDP,78287,283,10,Suspicious
2025-01-01 01:21:00,192.168.1.41,UDP,452,20,4,Normal
2025-01-01 01:22:00,192.168.1.46,TCP,905,265,7,Normal
2025-01-01 01:23:00,192.168.1.9,HTTP,1460,140,3,Normal
2025-01-01 01:24:00,192.168.1.29,HTTP,1008,157,5,Normal
2025-01-01 01:25:00,192.168.1.38,TCP,528,81,5,Normal
2025-01-01 01:26:00,192.168.1.38,TCP,260,117,4,Normal
2025-01-01 01:27:00,192.168.1.20,UDP,273,669,5,Normal
2025-01-01 01:28:00,192.168.1.6,TCP,743,135,7,Normal
2025-01-01 01:29:00,192.168.1.33,TCP,11,93,6,Normal
2025-01-01 01:30:00,192.168.1.46,UDP,60414,142,6,Suspicious
2025-01-01 01:31:00,192.168.1.32,HTTP,454,275,6,Normal
2025-01-01 01:32:00,192.168.1.44,TCP,47,442,7,Normal
2025-01-01 01:33:00,192.168.1.25,HTTPS,659,72,2,Normal
2025-01-01 01:34:00,192.168.1.44,HTTP,1553,50,6,Normal
2025-01-01 01:35:00,192.168.1.26,TCP,854,481,4,Normal
2025-01-01 01:36:00,192.168.1.18,HTTPS,295,61,9,Normal
2025-01-01 01:37:00,192.168.1.27,TCP,554,13,5,Normal
2025-01-01 01:38:00,192.168.1.8,TCP,1291,1062,6,Normal
2025-01-01 01:39:00,192.168.1.32,TCP,411,196,9,Normal
2025-01-01 01:40:00,192.168.1.46,UDP,5009,7,115,Suspicious
2025-01-01 01:41:00,192.168.1.45,UDP,1034,1242,5,Normal
2025-01-01 01:42:00,192.168.1.15,TCP,958,377,3,Normal
2025-01-01 01:43:00,192.168.1.16,TCP,569,73,7,Normal
2025-01-01 01:44:00,192.168.1.26,ICMP,33,154,4,Normal
2025-01-01 01:45:00,192.168.1.27,TCP,1576,524,6,Normal
2025-01-01 01:46:00,192.168.1.36,HTTP,595,50,6,Normal
2025-01-01 01:47:00,192.168.1.42,TCP,159,194,2,Normal
2025-01-01 01:48:00,192.168.1.16,UDP,400,27,5,Normal
2025-01-01 01:49:00,192.168.1.49,UDP,39,571,7,Normal
2025-01-01 01:50:00,192.168.1.7,UDP,3946,84,104,Suspicious
2025-01-01 01:51:00,192.168.1.6,HTTP,1027,8,4,Normal
2025-01-01 01:52:00,192.168.1.37,UDP,706,89,2,Normal
2025-01-01 01:53:00,192.168.1.42,UDP,150,301,6,Normal
2025-01-01 01:54:00,192.168.1.16,HTTPS,54,830,4,Normal
2025-01-01 01:55:00,192.168.1.11,TCP,29,23,7,Normal
2025-01-01 01:56:00,192.168.1.34,TCP,335,441,6,Normal
2025-01-01 01:57:00,192.168.1.30,UDP,124,25,7,Normal
2025-01-01 01:58:00,192.168.1.21,TCP,160,1240,4,Normal
2025-01-01 01:59:00,192.168.1.26,ICMP,413,191,3,Normal
2025-01-01 02:00:00,192.168.1.9,HTTP,5407,429,124,Suspicious
2025-01-01 02:01:00,192.168.1.15,UDP,467,85,4,Normal
2025-01-01 02:02:00,192.168.1.3,HTTP,185,182,1,Normal
2025-01-01 02:03:00,192.168.1.19,TCP,458,103,5,Normal
2025-01-01 02:04:00,192.168.1.18,TCP,423,5,5,Normal
2025-01-01 02:05:00,192.168.1.34,TCP,215,10,2,Normal
2025-01-01 02:06:00,192.168.1.40,TCP,590,516,3,Normal
2025-01-01 02:07:00,192.168.1.7,UDP,479,284,10,Normal
2025-01-01 02:08:00,192.168.1.4,TCP,89,173,9,Normal
2025-01-01 02:09:00,192.168.1.33,TCP,405,381,6,Normal
2025-01-01 02:10:00,192.168.1.16,TCP,13680,608,29,Suspicious
2025-01-01 02:11:00,192.168.1.37,HTTP,1154,164,7,Normal
2025-01-01 02:12:00,192.168.1.9,TCP,460,300,3,Normal
2025-01-01 02:13:00,192.168.1.42,TCP,1023,176,6,Normal
2025-01-01 02:14:00,192.168.1.38,TCP,443,273,5,Normal
2025-01-01 02:15:00,192.168.1.30,TCP,882,169,4,Normal
2025-01-01 02:16:00,192.168.1.44,ICMP,545,193,6,Normal
2025-01-01 02:17:00,192.168.1.3,TCP,131,15,3,Normal
2025-01-01 02:18:00,192.168.1.34,UDP,21,48,2,Normal
2025-01-01 02:19:00,192.168.1.35,TCP,1807,260,4,Normal
2025-01-01 02:20:00,192.168.1.46,TCP,48497,396,141,Suspicious
2025-01-01 02:21:00,192.168.1.27,TCP,8,83,11,Normal
2025-01-01 02:22:00,192.168.1.3,HTTPS,24,1133,10,Normal
2025-01-01 02:23:00,192.168.1.42,TCP,1015,141,6,Normal
2025-01-01 02:24:00,192.168.1.30,TCP,135,140,3,Normal
2025-01-01 02:25:00,192.168.1.11,HTTP,347,234,6,Normal
2025-01-01 02:26:00,192.168.1.16,UDP,468,434,4,Normal
2025-01-01 02:27:00,192.168.1.17,UDP,1141,83,4,Normal
2025-01-01 02:28:00,192.168.1.5,TCP,167,110,6,Normal
2025-01-01 02:29:00,192.168.1.26,UDP,65,588,4,Normal
2025-01-01 02:30:00,192.168.1.37,TCP,46062,337,13,Suspicious
2025-01-01 02:31:00,192.168.1.25,TCP,915,690,5,Normal
2025-01-01 02:32:00,192.168.1.11,HTTP,727,48,4,Normal
2025-01-01 02:33:00,192.168.1.22,TCP,11,308,7,Normal
2025-01-01 02:34:00,192.168.1.22,UDP,292,177,2,Normal
2025-01-01 02:35:00,192.168.1.47,TCP,644,259,2,Normal
2025-01-01 02:36:00,192.168.1.34,UDP,256,137,5,Normal
2025-01-01 02:37:00,192.168.1.33,UDP,1060,315,8,Normal
2025-01-01 02:38:00,192.168.1.9,UDP,46,978,6,Normal
2025-01-01 02:39:00,192.168.1.17,UDP,793,785,6,Normal
2025-01-01 02:40:00,192.168.1.22,TCP,18321,465,144,Suspicious
2025-01-01 02:41:00,192.168.1.3,HTTPS,403,109,8,Normal
2025-01-01 02:42:00,192.168.1.48,TCP,387,296,5,Normal
2025-01-01 02:43:00,192.168.1.16,TCP,95,356,8,Normal
2025-01-01 02:44:00,192.168.1.47,TCP,349,152,2,Normal
2025-01-01 02:45:00,192.168.1.35,UDP,132,25,7,Normal
2025-01-01 02:46:00,192.168.1.44,UDP,525,49,3,Normal
2025-01-01 02:47:00,192.168.1.12,HTTP,483,105,2,Normal
2025-01-01 02:48:00,192.168.1.29,TCP,53,353,5,Normal
2025-01-01 02:49:00,192.168.1.37,UDP,277,42,7,Normal
2025-01-01 02:50:00,192.168.1.3,TCP,10747,468,145,Suspicious
2025-01-01 02:51:00,192.168.1.12,TCP,930,30,5,Normal
2025-01-01 02:52:00,192.168.1.30,TCP,768,667,7,Normal
2025-01-01 02:53:00,192.168.1.41,TCP,506,323,5,Normal
2025-01-01 02:54:00,192.168.1.33,HTTPS,292,14,4,Normal
2025-01-01 02:55:00,192.168.1.18,HTTPS,668,130,5,Normal
2025-01-01 02:56:00,192.168.1.6,UDP,887,21,5,Normal
2025-01-01 02:57:00,192.168.1.10,TCP,115,38,5,Normal
2025-01-01 02:58:00,192.168.1.22,TCP,321,36,5,Normal
2025-01-01 02:59:00,192.168.1.18,HTTPS,127,139,5,Normal
2025-01-01 03:00:00,192.168.1.33,TCP,3902,1464,128,Suspicious
2025-01-01 03:01:00,192.168.1.33,TCP,393,1253,2,Normal
2025-01-01 03:02:00,192.168.1.30,UDP,48,1006,5,Normal
2025-01-01 03:03:00,192.168.1.4,TCP,416,350,5,Normal
2025-01-01 03:04:00,192.168.1.2,ICMP,1066,97,8,Normal
2025-01-01 03:05:00,192.168.1.10,UDP,2,429,2,Normal
2025-01-01 03:06:00,192.168.1.35,HTTP,567,423,5,Normal
2025-01-01 03:07:00,192.168.1.11,HTTP,449,149,2,Normal
2025-01-01 03:08:00,192.168.1.39,TCP,100,147,5,Normal
2025-01-01 03:09:00,192.168.1.5,TCP,333,274,2,Normal
2025-01-01 03:10:00,192.168.1.47,TCP,8537,411,28,Suspicious
2025-01-01 03:11:00,192.168.1.29,ICMP,3202,811,5,Normal
2025-01-01 03:12:00,192.168.1.15,ICMP,673,900,6,Normal
2025-01-01 03:13:00,192.168.1.7,UDP,177,847,6,Normal
2025-01-01 03:14:00,192.168.1.6,ICMP,498,15,3,Normal
2025-01-01 03:15:00,192.168.1.42,TCP,471,43,4,Normal
2025-01-01 03:16:00,192.168.1.31,TCP,161,96,6,Normal
2025-01-01 03:17:00,192.168.1.37,TCP,32,710,5,Normal
2025-01-01 03:18:00,192.168.1.12,HTTPS,410,828,2,Normal
2025-01-01 03:19:00,192.168.1.38,HTTPS,148,318,6,Normal
2025-01-01 03:20:00,192.168.1.5,TCP,11429,345,23,Suspicious
2025-01-01 03:21:00,192.168.1.3,TCP,990,184,5,Normal
2025-01-01 03:22:00,192.168.1.33,TCP,89,120,7,Normal
2025-01-01 03:23:00,192.168.1.29,HTTP,13,20,6,Normal
2025-01-01 03:24:00,192.168.1.44,HTTP,1668,68,8,Normal
2025-01-01 03:25:00,192.168.1.43,TCP,408,54,6,Normal
2025-01-01 03:26:00,192.168.1.9,HTTP,531,49,7,Normal
2025-01-01 03:27:00,192.168.1.22,ICMP,195,1750,4,Normal
2025-01-01 03:28:00,192.168.1.5,ICMP,1104,24,7,Normal
2025-01-01 03:29:00,192.168.1.48,UDP,188,88,5,Normal
2025-01-01 03:30:00,192.168.1.34,TCP,32757,374,4,Suspicious
2025-01-01 03:31:00,192.168.1.10,UDP,2398,22,3,Normal
2025-01-01 03:32:00,192.168.1.16,TCP,16,108,10,Normal
2025-01-01 03:33:00,192.168.1.47,TCP,999,237,4,Normal
2025-01-01 03:34:00,192.168.1.25,TCP,1694,40,12,Normal
2025-01-01 03:35:00,192.168.1.37,TCP,138,3,5,Normal
2025-01-01 03:36:00,192.168.1.5,TCP,1048,629,7,Normal
2025-01-01 03:37:00,192.168.1.12,HTTPS,967,221,3,Normal
2025-01-01 03:38:00,192.168.1.10,HTTPS,553,530,8,Normal
2025-01-01 03:39:00,192.168.1.30,TCP,1479,176,7,Normal
2025-01-01 03:40:00,192.168.1.25,UDP,13195,156,8,Suspicious
2025-01-01 03:41:00,192.168.1.41,TCP,296,192,6,Normal
2025-01-01 03:42:00,192.168.1.40,HTTP,424,215,4,Normal
2025-01-01 03:43:00,192.168.1.25,UDP,1059,256,2,Normal
2025-01-01 03:44:00,192.168.1.12,TCP,160,150,9,Normal
2025-01-01 03:45:00,192.168.1.28,TCP,632,530,3,Normal
2025-01-01 03:46:00,192.168.1.34,TCP,230,38,3,Normal
2025-01-01 03:47:00,192.168.1.16,ICMP,266,311,5,Normal
2025-01-01 03:48:00,192.168.1.40,HTTP,643,38,3,Normal
2025-01-01 03:49:00,192.168.1.18,UDP,380,178,4,Normal
2025-01-01 03:50:00,192.168.1.26,ICMP,17336,560,29,Suspicious
2025-01-01 03:51:00,192.168.1.49,TCP,231,8,5,Normal
2025-01-01 03:52:00,192.168.1.2,TCP,83,7,4,Normal
2025-01-01 03:53:00,192.168.1.39,HTTP,378,553,3,Normal
2025-01-01 03:54:00,192.168.1.6,TCP,1896,227,2,Normal
2025-01-01 03:55:00,192.168.1.44,TCP,87,7,6,Normal
2025-01-01 03:56:00,192.168.1.24,TCP,2635,236,3,Normal
2025-01-01 03:57:00,192.168.1.33,TCP,389,50,6,Normal
2025-01-01 03:58:00,192.168.1.22,TCP,157,1018,5,Normal
2025-01-01 03:59:00,192.168.1.12,TCP,762,397,5,Normal
2025-01-01 04:00:00,192.168.1.6,TCP,9136,77,23,Suspicious
2025-01-01 04:01:00,192.168.1.49,TCP,702,203,7,Normal
2025-01-01 04:02:00,192.168.1.18,HTTP,1974,157,6,Normal
2025-01-01 04:03:00,192.168.1.18,UDP,177,82,2,Normal
2025-01-01 04:04:00,192.168.1.48,UDP,1304,5,5,Normal
2025-01-01 04:05:00,192.168.1.17,HTTP,202,396,6,Normal
2025-01-01 04:06:00,192.168.1.4,ICMP,898,404,7,Normal
2025-01-01 04:07:00,192.168.1.10,ICMP,164,348,2,Normal
2025-01-01 04:08:00,192.168.1.15,HTTP,1475,22,4,Normal
2025-01-01 04:09:00,192.168.1.43,TCP,325,47,6,Normal
2025-01-01 04:10:00,192.168.1.28,TCP,26060,553,160,Suspicious
2025-01-01 04:11:00,192.168.1.24,HTTP,302,516,5,Normal
2025-01-01 04:12:00,192.168.1.16,UDP,367,46,4,Normal
2025-01-01 04:13:00,192.168.1.35,ICMP,158,154,4,Normal
2025-01-01 04:14:00,192.168.1.18,TCP,914,1,3,Normal
2025-01-01 04:15:00,192.168.1.2,TCP,416,604,7,Normal
2025-01-01 04:16:00,192.168.1.24,TCP,245,300,1,Normal
2025-01-01 04:17:00,192.168.1.24,TCP,1041,60,4,Normal
2025-01-01 04:18:00,192.168.1.21,HTTP,516,14,6,Normal
2025-01-01 04:19:00,192.168.1.45,TCP,979,61,9,Normal
2025-01-01 04:20:00,192.168.1.10,TCP,11381,402,132,Suspicious
2025-01-01 04:21:00,192.168.1.45,TCP,582,83,6,Normal
2025-01-01 04:22:00,192.168.1.13,UDP,4,187,8,Normal
2025-01-01 04:23:00,192.168.1.43,HTTP,822,38,1,Normal
2025-01-01 04:24:00,192.168.1.26,HTTP,364,128,1,Normal
2025-01-01 04:25:00,192.168.1.44,UDP,397,634,6,Normal
2025-01-01 04:26:00,192.168.1.41,TCP,129,84,8,Normal
2025-01-01 04:27:00,192.168.1.16,UDP,750,68,9,Normal
2025-01-01 04:28:00,192.168.1.12,TCP,211,748,4,Normal
2025-01-01 04:29:00,192.168.1.6,TCP,130,13,10,Normal
2025-01-01 04:30:00,192.168.1.32,TCP,48385,176,141,Suspicious
2025-01-01 04:31:00,192.168.1.20,TCP,120,3,3,Normal
2025-01-01 04:32:00,192.168.1.18,HTTPS,368,1135,5,Normal
2025-01-01 04:33:00,192.168.1.40,HTTP,1611,432,7,Normal
2025-01-01 04:34:00,192.168.1.43,TCP,942,391,2,Normal
2025-01-01 04:35:00,192.168.1.4,HTTP,0,694,7,Normal
2025-01-01 04:36:00,192.168.1.31,HTTPS,1507,258,6,Normal
2025-01-01 04:37:00,192.168.1.27,HTTPS,53,211,2,Normal
2025-01-01 04:38:00,192.168.1.18,TCP,569,76,6,Normal
2025-01-01 04:39:00,192.168.1.8,HTTP,1463,669,6,Normal
2025-01-01 04:40:00,192.168.1.20,UDP,5714,303,34,Suspicious
2025-01-01 04:41:00,192.168.1.25,UDP,82,625,3,Normal
2025-01-01 04:42:00,192.168.1.42,TCP,269,221,3,Normal
2025-01-01 04:43:00,192.168.1.21,TCP,0,392,7,Normal
2025-01-01 04:44:00,192.168.1.26,TCP,158,40,6,Normal
2025-01-01 04:45:00,192.168.1.17,TCP,393,370,4,Normal
2025-01-01 04:46:00,192.168.1.18,UDP,175,375,6,Normal
2025-01-01 04:47:00,192.168.1.41,TCP,51,488,3,Normal
2025-01-01 04:48:00,192.168.1.35,HTTP,108,127,9,Normal
2025-01-01 04:49:00,192.168.1.33,TCP,1185,4,5,Normal
2025-01-01 04:50:00,192.168.1.25,ICMP,13290,237,28,Suspicious
2025-01-01 04:51:00,192.168.1.11,HTTP,565,294,4,Normal
2025-01-01 04:52:00,192.168.1.4,HTTP,2006,296,3,Normal
2025-01-01 04:53:00,192.168.1.12,TCP,265,819,5,Normal
2025-01-01 04:54:00,192.168.1.42,UDP,202,17,7,Normal
2025-01-01 04:55:00,192.168.1.21,TCP,161,169,3,Normal
2025-01-01 04:56:00,192.168.1.7,UDP,1930,243,4,Normal
2025-01-01 04:57:00,192.168.1.4,TCP,329,93,5,Normal
2025-01-01 04:58:00,192.168.1.39,TCP,281,357,5,Normal
2025-01-01 04:59:00,192.168.1.28,UDP,613,282,5,Normal
2025-01-01 05:00:00,192.168.1.11,UDP,14378,839,28,Suspicious
2025-01-01 05:01:00,192.168.1.2,TCP,437,87,7,Normal
2025-01-01 05:02:00,192.168.1.28,TCP,48,413,5,Normal
2025-01-01 05:03:00,192.168.1.29,UDP,507,83,5,Normal
2025-01-01 05:04:00,192.168.1.34,TCP,157,85,5,Normal
2025-01-01 05:05:00,192.168.1.49,TCP,1081,145,5,Normal
2025-01-01 05:06:00,192.168.1.28,UDP,35,139,8,Normal
2025-01-01 05:07:00,192.168.1.44,UDP,896,207,6,Normal
2025-01-01 05:08:00,192.168.1.14,TCP,349,17,6,Normal
2025-01-01 05:09:00,192.168.1.39,TCP,363,463,6,Normal
2025-01-01 05:10:00,192.168.1.13,TCP,75878,450,5,Suspicious
2025-01-01 05:11:00,192.168.1.46,UDP,107,587,8,Normal
2025-01-01 05:12:00,192.168.1.47,TCP,336,168,7,Normal
2025-01-01 05:13:00,192.168.1.33,HTTP,138,131,4,Normal
2025-01-01 05:14:00,192.168.1.48,TCP,133,74,8,Normal
2025-01-01 05:15:00,192.168.1.35,TCP,1022,299,3,Normal
2025-01-01 05:16:00,192.168.1.30,TCP,1967,215,9,Normal
2025-01-01 05:17:00,192.168.1.30,UDP,583,87,2,Normal
2025-01-01 05:18:00,192.168.1.2,TCP,1036,68,5,Normal
2025-01-01 05:19:00,192.168.1.16,TCP,39,147,5,Normal
2025-01-01 05:20:00,192.168.1.41,HTTPS,18024,313,145,Suspicious
2025-01-01 05:21:00,192.168.1.5,TCP,641,320,1,Normal
2025-01-01 05:22:00,192.168.1.44,HTTP,923,140,2,Normal
2025-01-01 05:23:00,192.168.1.49,TCP,727,262,8,Normal
2025-01-01 05:24:00,192.168.1.10,TCP,247,51,7,Normal
2025-01-01 05:25:00,192.168.1.14,ICMP,244,266,8,Normal
2025-01-01 05:26:00,192.168.1.27,TCP,1591,169,7,Normal
2025-01-01 05:27:00,192.168.1.47,TCP,452,92,5,Normal
2025-01-01 05:28:00,192.168.1.38,ICMP,81,73,9,Normal
2025-01-01 05:29:00,192.168.1.41,ICMP,286,329,10,Normal
2025-01-01 05:30:00,192.168.1.28,TCP,41133,158,152,Suspicious
2025-01-01 05:31:00,192.168.1.49,TCP,7,5,5,Normal
2025-01-01 05:32:00,192.168.1.4,UDP,999,265,8,Normal
2025-01-01 05:33:00,192.168.1.47,TCP,481,300,9,Normal
2025-01-01 05:34:00,192.168.1.19,TCP,1295,299,3,Normal
2025-01-01 05:35:00,192.168.1.23,TCP,505,274,5,Normal
2025-01-01 05:36:00,192.168.1.21,UDP,12,56,10,Normal
2025-01-01 05:37:00,192.168.1.12,UDP,219,16,2,Normal
2025-01-01 05:38:00,192.168.1.21,HTTP,1072,322,5,Normal
2025-01-01 05:39:00,192.168.1.10,HTTPS,15,682,5,Normal
2025-01-01 05:40:00,192.168.1.40,TCP,47637,331,128,Suspicious
2025-01-01 05:41:00,192.168.1.21,HTTPS,712,1030,5,Normal
2025-01-01 05:42:00,192.168.1.11,TCP,219,336,3,Normal
2025-01-01 05:43:00,192.168.1.39,HTTP,84,25,5,Normal
2025-01-01 05:44:00,192.168.1.41,TCP,186,0,6,Normal
2025-01-01 05:45:00,192.168.1.35,TCP,645,256,9,Normal
2025-01-01 05:46:00,192.168.1.19,TCP,533,246,4,Normal
2025-01-01 05:47:00,192.168.1.40,TCP,718,40,5,Normal
2025-01-01 05:48:00,192.168.1.32,TCP,1757,807,4,Normal
2025-01-01 05:49:00,192.168.1.4,TCP,100,524,6,Normal
2025-01-01 05:50:00,192.168.1.4,HTTP,30323,392,151,Suspicious
2025-01-01 05:51:00,192.168.1.5,TCP,1022,471,5,Normal
2025-01-01 05:52:00,192.168.1.9,HTTPS,20,103,6,Normal
2025-01-01 05:53:00,192.168.1.3,HTTP,359,365,6,Normal
2025-01-01 05:54:00,192.168.1.18,UDP,477,724,3,Normal
2025-01-01 05:55:00,192.168.1.34,HTTP,1318,1687,7,Normal
2025-01-01 05:56:00,192.168.1.28,TCP,238,485,5,Normal
2025-01-01 05:57:00,192.168.1.22,HTTP,1311,136,4,Normal
2025-01-01 05:58:00,192.168.1.12,TCP,201,104,4,Normal
2025-01-01 05:59:00,192.168.1.29,HTTP,1470,648,4,Normal
2025-01-01 06:00:00,192.168.1.33,UDP,3992,171,142,Suspicious
2025-01-01 06:01:00,192.168.1.28,TCP,88,271,5,Normal
2025-01-01 06:02:00,192.168.1.43,HTTPS,521,95,2,Normal
2025-01-01 06:03:00,192.168.1.28,TCP,3,71,8,Normal
2025-01-01 06:04:00,192.168.1.26,ICMP,1408,277,5,Normal
2025-01-01 06:05:00,192.168.1.47,UDP,284,53,8,Normal
2025-01-01 06:06:00,192.168.1.24,UDP,264,246,4,Normal
2025-01-01 06:07:00,192.168.1.38,TCP,1970,72,3,Normal
2025-01-01 06:08:00,192.168.1.31,HTTP,126,619,6,Normal
2025-01-01 06:09:00,192.168.1.22,TCP,77,36,2,Normal
2025-01-01 06:10:00,192.168.1.38,UDP,12472,258,149,Suspicious
2025-01-01 06:11:00,192.168.1.7,UDP,100,45,5,Normal
2025-01-01 06:12:00,192.168.1.6,HTTPS,575,227,2,Normal
2025-01-01 06:13:00,192.168.1.7,UDP,482,121,6,Normal
2025-01-01 06:14:00,192.168.1.36,TCP,218,239,6,Normal
2025-01-01 06:15:00,192.168.1.33,HTTP,379,231,4,Normal
2025-01-01 06:16:00,192.168.1.17,TCP,271,55,9,Normal
2025-01-01 06:17:00,192.168.1.43,TCP,168,28,3,Normal
2025-01-01 06:18:00,192.168.1.35,HTTP,79,536,8,Normal
2025-01-01 06:19:00,192.168.1.38,HTTPS,121,647,6,Normal
2025-01-01 06:20:00,192.168.1.33,UDP,56165,375,6,Suspicious
2025-01-01 06:21:00,192.168.1.24,TCP,1090,163,7,Normal
2025-01-01 06:22:00,192.168.1.47,TCP,52,5,4,Normal
2025-01-01 06:23:00,192.168.1.22,HTTPS,181,92,2,Normal
2025-01-01 06:24:00,192.168.1.19,TCP,20,255,2,Normal
2025-01-01 06:25:00,192.168.1.7,HTTP,188,85,3,Normal
2025-01-01 06:26:00,192.168.1.27,TCP,617,95,4,Normal
2025-01-01 06:27:00,192.168.1.44,HTTP,127,76,6,Normal
2025-01-01 06:28:00,192.168.1.17,TCP,543,613,6,Normal
2025-01-01 06:29:00,192.168.1.38,HTTP,83,48,4,Normal
2025-01-01 06:30:00,192.168.1.37,UDP,35572,487,166,Suspicious
2025-01-01 06:31:00,192.168.1.21,UDP,869,151,5,Normal
2025-01-01 06:32:00,192.168.1.43,TCP,351,37,7,Normal
2025-01-01 06:33:00,192.168.1.11,TCP,200,249,7,Normal
2025-01-01 06:34:00,192.168.1.13,TCP,1103,1447,5,Normal
2025-01-01 06:35:00,192.168.1.27,TCP,48,995,5,Normal
2025-01-01 06:36:00,192.168.1.31,TCP,77,5,7,Normal
2025-01-01 06:37:00,192.168.1.21,ICMP,60,1733,3,Normal
2025-01-01 06:38:00,192.168.1.27,TCP,42,89,3,Normal
2025-01-01 06:39:00,192.168.1.25,TCP,501,491,4,Normal
2025-01-01 06:40:00,192.168.1.22,TCP,58848,460,13,Suspicious
2025-01-01 06:41:00,192.168.1.37,UDP,435,87,4,Normal
2025-01-01 06:42:00,192.168.1.40,TCP,652,117,4,Normal
2025-01-01 06:43:00,192.168.1.42,TCP,345,114,5,Normal
2025-01-01 06:44:00,192.168.1.36,TCP,146,3,6,Normal
2025-01-01 06:45:00,192.168.1.23,UDP,2247,76,3,Normal
2025-01-01 06:46:00,192.168.1.40,HTTPS,293,227,9,Normal
2025-01-01 06:47:00,192.168.1.34,UDP,68,259,8,Normal
2025-01-01 06:48:00,192.168.1.23,TCP,338,477,4,Normal
2025-01-01 06:49:00,192.168.1.24,UDP,389,26,1,Normal
2025-01-01 06:50:00,192.168.1.13,TCP,49058,14,152,Suspicious
2025-01-01 06:51:00,192.168.1.48,TCP,512,188,5,Normal
2025-01-01 06:52:00,192.168.1.25,HTTPS,1848,537,8,Normal
2025-01-01 06:53:00,192.168.1.29,UDP,212,507,2,Normal
2025-01-01 06:54:00,192.168.1.36,UDP,3048,180,4,Normal
2025-01-01 06:55:00,192.168.1.43,UDP,479,183,5,Normal
2025-01-01 06:56:00,192.168.1.11,TCP,460,261,4,Normal
2025-01-01 06:57:00,192.168.1.18,UDP,598,72,2,Normal
2025-01-01 06:58:00,192.168.1.9,TCP,812,233,4,Normal
2025-01-01 06:59:00,192.168.1.17,UDP,1019,139,5,Normal
2025-01-01 07:00:00,192.168.1.23,TCP,5604,529,28,Suspicious
2025-01-01 07:01:00,192.168.1.32,HTTPS,5,676,5,Normal
2025-01-01 07:02:00,192.168.1.30,TCP,70,173,5,Normal
2025-01-01 07:03:00,192.168.1.38,HTTPS,902,65,4,Normal
2025-01-01 07:04:00,192.168.1.3,HTTP,499,460,7,Normal
2025-01-01 07:05:00,192.168.1.46,HTTP,871,464,5,Normal
2025-01-01 07:06:00,192.168.1.4,TCP,113,146,3,Normal
2025-01-01 07:07:00,192.168.1.9,TCP,107,192,1,Normal
2025-01-01 07:08:00,192.168.1.9,UDP,417,631,3,Normal
2025-01-01 07:09:00,192.168.1.39,HTTP,1165,223,10,Normal
2025-01-01 07:10:00,192.168.1.24,HTTPS,36487,892,155,Suspicious
2025-01-01 07:11:00,192.168.1.48,TCP,529,259,2,Normal
2025-01-01 07:12:00,192.168.1.27,UDP,652,113,3,Normal
2025-01-01 07:13:00,192.168.1.48,TCP,442,35,9,Normal
2025-01-01 07:14:00,192.168.1.25,TCP,263,1148,7,Normal
2025-01-01 07:15:00,192.168.1.38,UDP,75,161,6,Normal
2025-01-01 07:16:00,192.168.1.47,TCP,654,254,4,Normal
2025-01-01 07:17:00,192.168.1.24,TCP,270,132,6,Normal
2025-01-01 07:18:00,192.168.1.48,TCP,219,454,8,Normal
2025-01-01 07:19:00,192.168.1.38,HTTPS,31,355,4,Normal
2025-01-01 07:20:00,192.168.1.7,TCP,38515,308,15,Suspicious
2025-01-01 07:21:00,192.168.1.46,TCP,64,266,6,Normal
2025-01-01 07:22:00,192.168.1.34,TCP,110,85,5,Normal
2025-01-01 07:23:00,192.168.1.40,ICMP,740,376,2,Normal
2025-01-01 07:24:00,192.168.1.32,TCP,524,331,3,Normal
2025-01-01 07:25:00,192.168.1.6,TCP,415,326,6,Normal
2025-01-01 07:26:00,192.168.1.47,TCP,74,0,2,Normal
2025-01-01 07:27:00,192.168.1.14,UDP,136,425,7,Normal
2025-01-01 07:28:00,192.168.1.6,HTTP,588,1011,5,Normal
2025-01-01 07:29:00,192.168.1.7,TCP,79,69,3,Normal
2025-01-01 07:30:00,192.168.1.48,HTTPS,18548,523,26,Suspicious
2025-01-01 07:31:00,192.168.1.19,TCP,827,625,8,Normal
2025-01-01 07:32:00,192.168.1.18,UDP,131,83,2,Normal
2025-01-01 07:33:00,192.168.1.15,TCP,44,344,8,Normal
2025-01-01 07:34:00,192.168.1.5,UDP,508,110,4,Normal
2025-01-01 07:35:00,192.168.1.12,UDP,505,154,11,Normal
2025-01-01 07:36:00,192.168.1.25,TCP,473,109,4,Normal
2025-01-01 07:37:00,192.168.1.16,TCP,1424,106,3,Normal
2025-01-01 07:38:00,192.168.1.14,HTTPS,230,132,6,Normal
2025-01-01 07:39:00,192.168.1.9,TCP,321,180,8,Normal
2025-01-01 07:40:00,192.168.1.17,TCP,26166,215,139,Suspicious
2025-01-01 07:41:00,192.168.1.37,UDP,165,518,7,Normal
2025-01-01 07:42:00,192.168.1.28,TCP,485,380,1,Normal
2025-01-01 07:43:00,192.168.1.7,TCP,132,416,3,Normal
2025-01-01 07:44:00,192.168.1.38,UDP,843,629,4,Normal
2025-01-01 07:45:00,192.168.1.8,TCP,2167,421,6,Normal
2025-01-01 07:46:00,192.168.1.48,TCP,133,512,2,Normal
2025-01-01 07:47:00,192.168.1.2,HTTPS,73,231,2,Normal
2025-01-01 07:48:00,192.168.1.36,TCP,288,1138,12,Normal
2025-01-01 07:49:00,192.168.1.45,TCP,715,13,4,Normal
2025-01-01 07:50:00,192.168.1.17,TCP,25126,3,151,Suspicious
2025-01-01 07:51:00,192.168.1.20,ICMP,108,177,6,Normal
2025-01-01 07:52:00,192.168.1.7,TCP,20,96,4,Normal
2025-01-01 07:53:00,192.168.1.28,HTTPS,76,432,6,Normal
2025-01-01 07:54:00,192.168.1.35,TCP,378,410,12,Normal
2025-01-01 07:55:00,192.168.1.48,TCP,514,275,6,Normal
2025-01-01 07:56:00,192.168.1.37,UDP,266,66,5,Normal
2025-01-01 07:57:00,192.168.1.39,TCP,394,69,6,Normal
2025-01-01 07:58:00,192.168.1.18,TCP,1688,69,6,Normal
2025-01-01 07:59:00,192.168.1.38,UDP,112,662,1,Normal
2025-01-01 08:00:00,192.168.1.21,UDP,58399,204,11,Suspicious
2025-01-01 08:01:00,192.168.1.4,TCP,1201,252,11,Normal
2025-01-01 08:02:00,192.168.1.2,TCP,256,336,6,Normal
2025-01-01 08:03:00,192.168.1.27,UDP,331,8,4,Normal
2025-01-01 08:04:00,192.168.1.45,TCP,1141,223,4,Normal
2025-01-01 08:05:00,192.168.1.37,TCP,11,132,6,Normal
2025-01-01 08:06:00,192.168.1.41,HTTP,1852,255,4,Normal
2025-01-01 08:07:00,192.168.1.13,HTTP,476,118,5,Normal
2025-01-01 08:08:00,192.168.1.8,HTTP,100,168,5,Normal
2025-01-01 08:09:00,192.168.1.22,ICMP,905,365,6,Normal
2025-01-01 08:10:00,192.168.1.35,TCP,77887,391,15,Suspicious
2025-01-01 08:11:00,192.168.1.35,TCP,199,200,1,Normal
2025-01-01 08:12:00,192.168.1.3,UDP,203,219,3,Normal
2025-01-01 08:13:00,192.168.1.13,UDP,968,415,4,Normal
2025-01-01 08:14:00,192.168.1.10,TCP,668,11,3,Normal
2025-01-01 08:15:00,192.168.1.18,UDP,32,117,4,Normal
2025-01-01 08:16:00,192.168.1.34,TCP,38,33,5,Normal
2025-01-01 08:17:00,192.168.1.27,TCP,784,154,6,Normal
2025-01-01 08:18:00,192.168.1.38,TCP,298,258,3,Normal
2025-01-01 08:19:00,192.168.1.45,TCP,258,1500,7,Normal
2025-01-01 08:20:00,192.168.1.24,TCP,11619,30,143,Suspicious
2025-01-01 08:21:00,192.168.1.41,UDP,361,31,2,Normal
2025-01-01 08:22:00,192.168.1.23,UDP,5,150,4,Normal
2025-01-01 08:23:00,192.168.1.16,HTTP,523,688,3,Normal
2025-01-01 08:24:00,192.168.1.8,HTTP,564,107,5,Normal
2025-01-01 08:25:00,192.168.1.30,TCP,145,175,8,Normal
2025-01-01 08:26:00,192.168.1.27,HTTP,1082,27,9,Normal
2025-01-01 08:27:00,192.168.1.43,TCP,495,72,4,Normal
2025-01-01 08:28:00,192.168.1.16,TCP,244,99,9,Normal
2025-01-01 08:29:00,192.168.1.36,UDP,530,96,4,Normal
2025-01-01 08:30:00,192.168.1.17,TCP,71904,160,11,Suspicious
2025-01-01 08:31:00,192.168.1.23,TCP,165,264,6,Normal
2025-01-01 08:32:00,192.168.1.44,UDP,1203,378,8,Normal
2025-01-01 08:33:00,192.168.1.13,UDP,269,630,3,Normal
2025-01-01 08:34:00,192.168.1.29,TCP,256,209,7,Normal
2025-01-01 08:35:00,192.168.1.45,TCP,235,515,1,Normal
2025-01-01 08:36:00,192.168.1.42,TCP,1108,185,3,Normal
2025-01-01 08:37:00,192.168.1.29,HTTPS,505,435,1,Normal
2025-01-01 08:38:00,192.168.1.32,TCP,1373,183,4,Normal
2025-01-01 08:39:00,192.168.1.44,UDP,324,147,10,Normal
2025-01-01 08:40:00,192.168.1.19,TCP,13729,520,166,Suspicious
2025-01-01 08:41:00,192.168.1.49,HTTPS,203,253,1,Normal
2025-01-01 08:42:00,192.168.1.3,HTTPS,569,253,4,Normal
2025-01-01 08:43:00,192.168.1.37,ICMP,119,605,4,Normal
2025-01-01 08:44:00,192.168.1.26,HTTP,344,277,8,Normal
2025-01-01 08:45:00,192.168.1.18,HTTP,14,82,2,Normal
2025-01-01 08:46:00,192.168.1.28,TCP,830,81,3,Normal
2025-01-01 08:47:00,192.168.1.40,UDP,294,1023,7,Normal
2025-01-01 08:48:00,192.168.1.19,TCP,152,261,7,Normal
2025-01-01 08:49:00,192.168.1.29,TCP,373,349,3,Normal
2025-01-01 08:50:00,192.168.1.25,TCP,12711,14,35,Suspicious
2025-01-01 08:51:00,192.168.1.45,HTTPS,138,343,4,Normal
2025-01-01 08:52:00,192.168.1.39,HTTPS,163,150,6,Normal
2025-01-01 08:53:00,192.168.1.13,TCP,124,87,6,Normal
2025-01-01 08:54:00,192.168.1.14,TCP,247,1124,4,Normal
2025-01-01 08:55:00,192.168.1.32,TCP,283,28,2,Normal
2025-01-01 08:56:00,192.168.1.37,TCP,31,362,1,Normal
2025-01-01 08:57:00,192.168.1.29,UDP,726,108,8,Normal
2025-01-01 08:58:00,192.168.1.11,TCP,696,251,7,Normal
2025-01-01 08:59:00,192.168.1.9,TCP,298,105,3,Normal
2025-01-01 09:00:00,192.168.1.17,TCP,68402,330,11,Suspicious
2025-01-01 09:01:00,192.168.1.48,TCP,867,26,6,Normal
2025-01-01 09:02:00,192.168.1.17,TCP,78,628,7,Normal
2025-01-01 09:03:00,192.168.1.46,TCP,148,43,6,Normal
2025-01-01 09:04:00,192.168.1.10,HTTPS,976,56,6,Normal
2025-01-01 09:05:00,192.168.1.34,HTTP,1833,1113,4,Normal
2025-01-01 09:06:00,192.168.1.32,TCP,730,418,3,Normal
2025-01-01 09:07:00,192.168.1.11,TCP,278,189,4,Normal
2025-01-01 09:08:00,192.168.1.7,HTTPS,1982,325,5,Normal
2025-01-01 09:09:00,192.168.1.16,UDP,20,273,7,Normal
2025-01-01 09:10:00,192.168.1.39,HTTP,43592,83,148,Suspicious
2025-01-01 09:11:00,192.168.1.49,UDP,575,419,6,Normal
2025-01-01 09:12:00,192.168.1.39,TCP,425,513,4,Normal
2025-01-01 09:13:00,192.168.1.44,HTTP,628,348,7,Normal
2025-01-01 09:14:00,192.168.1.43,TCP,55,502,7,Normal
2025-01-01 09:15:00,192.168.1.49,TCP,9,169,2,Normal
2025-01-01 09:16:00,192.168.1.4,ICMP,96,80,5,Normal
2025-01-01 09:17:00,192.168.1.17,TCP,700,87,8,Normal
2025-01-01 09:18:00,192.168.1.35,TCP,218,249,4,Normal
2025-01-01 09:19:00,192.168.1.16,TCP,475,75,5,Normal
2025-01-01 09:20:00,192.168.1.31,TCP,23802,139,13,Suspicious
2025-01-01 09:21:00,192.168.1.42,TCP,130,73,1,Normal
2025-01-01 09:22:00,192.168.1.30,TCP,304,664,9,Normal
2025-01-01 09:23:00,192.168.1.21,TCP,126,583,4,Normal
2025-01-01 09:24:00,192.168.1.6,HTTP,1375,847,4,Normal
2025-01-01 09:25:00,192.168.1.10,TCP,1,53,6,Normal
2025-01-01 09:26:00,192.168.1.40,TCP,528,155,2,Normal
2025-01-01 09:27:00,192.168.1.19,HTTPS,97,2,4,Normal
2025-01-01 09:28:00,192.168.1.9,UDP,792,43,4,Normal
2025-01-01 09:29:00,192.168.1.13,HTTP,113,90,4,Normal
2025-01-01 09:30:00,192.168.1.40,HTTPS,32811,99,172,Suspicious
2025-01-01 09:31:00,192.168.1.47,TCP,32,283,6,Normal
2025-01-01 09:32:00,192.168.1.4,TCP,846,169,7,Normal
2025-01-01 09:33:00,192.168.1.41,TCP,516,97,6,Normal
2025-01-01 09:34:00,192.168.1.41,HTTP,261,431,1,Normal
2025-01-01 09:35:00,192.168.1.41,UDP,285,223,5,Normal
2025-01-01 09:36:00,192.168.1.17,HTTP,443,71,7,Normal
2025-01-01 09:37:00,192.168.1.44,ICMP,28,728,4,Normal
2025-01-01 09:38:00,192.168.1.7,HTTP,299,380,4,Normal
2025-01-01 09:39:00,192.168.1.7,HTTP,311,200,7,Normal
2025-01-01 09:40:00,192.168.1.10,TCP,17663,486,6,Suspicious
2025-01-01 09:41:00,192.168.1.12,TCP,326,1081,0,Normal
2025-01-01 09:42:00,192.168.1.30,HTTP,40,120,6,Normal
2025-01-01 09:43:00,192.168.1.16,TCP,133,5,4,Normal
2025-01-01 09:44:00,192.168.1.39,HTTP,262,1177,3,Normal
2025-01-01 09:45:00,192.168.1.27,HTTP,488,43,4,Normal
2025-01-01 09:46:00,192.168.1.29,HTTP,1191,27,8,Normal
2025-01-01 09:47:00,192.168.1.3,UDP,428,310,2,Normal
2025-01-01 09:48:00,192.168.1.24,TCP,604,4,5,Normal
2025-01-01 09:49:00,192.168.1.39,UDP,67,435,5,Normal
2025-01-01 09:50:00,192.168.1.49,TCP,62743,152,10,Suspicious
2025-01-01 09:51:00,192.168.1.13,TCP,0,989,4,Normal
2025-01-01 09:52:00,192.168.1.24,TCP,487,132,6,Normal
2025-01-01 09:53:00,192.168.1.8,TCP,22,102,5,Normal
2025-01-01 09:54:00,192.168.1.22,HTTPS,360,900,8,Normal
2025-01-01 09:55:00,192.168.1.34,HTTPS,647,749,8,Normal
2025-01-01 09:56:00,192.168.1.31,TCP,17,117,6,Normal
2025-01-01 09:57:00,192.168.1.42,TCP,161,393,3,Normal
2025-01-01 09:58:00,192.168.1.40,TCP,414,68,3,Normal
2025-01-01 09:59:00,192.168.1.8,TCP,641,115,4,Normal
2025-01-01 10:00:00,192.168.1.49,TCP,3190,398,120,Suspicious
2025-01-01 10:01:00,192.168.1.43,UDP,112,34,7,Normal
2025-01-01 10:02:00,192.168.1.38,HTTP,387,24,1,Normal
2025-01-01 10:03:00,192.168.1.5,UDP,59,568,6,Normal
2025-01-01 10:04:00,192.168.1.15,TCP,490,876,3,Normal
2025-01-01 10:05:00,192.168.1.29,UDP,113,410,4,Normal
2025-01-01 10:06:00,192.168.1.24,TCP,146,201,3,Normal
2025-01-01 10:07:00,192.168.1.34,TCP,163,138,2,Normal
2025-01-01 10:08:00,192.168.1.13,TCP,110,115,4,Normal
2025-01-01 10:09:00,192.168.1.18,TCP,223,28,2,Normal
2025-01-01 10:10:00,192.168.1.39,HTTP,37834,353,146,Suspicious
2025-01-01 10:11:00,192.168.1.23,TCP,728,783,8,Normal
2025-01-01 10:12:00,192.168.1.35,TCP,228,140,4,Normal
2025-01-01 10:13:00,192.168.1.29,TCP,97,936,3,Normal
2025-01-01 10:14:00,192.168.1.6,UDP,95,142,10,Normal
2025-01-01 10:15:00,192.168.1.49,TCP,5,28,4,Normal
2025-01-01 10:16:00,192.168.1.5,UDP,483,326,4,Normal
2025-01-01 10:17:00,192.168.1.42,TCP,1166,15,13,Normal
2025-01-01 10:18:00,192.168.1.46,UDP,718,375,6,Normal
2025-01-01 10:19:00,192.168.1.36,HTTPS,632,1472,5,Normal
2025-01-01 10:20:00,192.168.1.49,TCP,56950,207,8,Suspicious
2025-01-01 10:21:00,192.168.1.30,UDP,188,26,4,Normal
2025-01-01 10:22:00,192.168.1.9,TCP,1505,157,2,Normal
2025-01-01 10:23:00,192.168.1.12,TCP,155,164,2,Normal
2025-01-01 10:24:00,192.168.1.5,HTTPS,546,33,9,Normal
2025-01-01 10:25:00,192.168.1.8,TCP,421,760,6,Normal
2025-01-01 10:26:00,192.168.1.18,UDP,496,89,6,Normal
2025-01-01 10:27:00,192.168.1.33,HTTPS,117,12,6,Normal
2025-01-01 10:28:00,192.168.1.36,HTTP,660,212,7,Normal
2025-01-01 10:29:00,192.168.1.13,TCP,344,119,6,Normal
2025-01-01 10:30:00,192.168.1.20,UDP,21751,160,167,Suspicious
2025-01-01 10:31:00,192.168.1.40,HTTP,351,1336,3,Normal
2025-01-01 10:32:00,192.168.1.6,HTTPS,728,93,8,Normal
2025-01-01 10:33:00,192.168.1.30,UDP,156,6,5,Normal
2025-01-01 10:34:00,192.168.1.32,TCP,463,15,1,Normal
2025-01-01 10:35:00,192.168.1.24,HTTPS,106,286,2,Normal
2025-01-01 10:36:00,192.168.1.45,UDP,1073,888,7,Normal
2025-01-01 10:37:00,192.168.1.12,UDP,1735,375,4,Normal
2025-01-01 10:38:00,192.168.1.20,UDP,222,156,5,Normal
2025-01-01 10:39:00,192.168.1.13,TCP,612,81,5,Normal
2025-01-01 10:40:00,192.168.1.30,TCP,16572,192,39,Suspicious
2025-01-01 10:41:00,192.168.1.43,HTTPS,115,621,1,Normal
2025-01-01 10:42:00,192.168.1.30,TCP,933,389,4,Normal
2025-01-01 10:43:00,192.168.1.17,UDP,1191,392,4,Normal
2025-01-01 10:44:00,192.168.1.12,HTTPS,4,23,6,Normal
2025-01-01 10:45:00,192.168.1.38,TCP,365,1162,7,Normal
2025-01-01 10:46:00,192.168.1.4,HTTP,624,136,4,Normal
2025-01-01 10:47:00,192.168.1.26,TCP,564,63,6,Normal
2025-01-01 10:48:00,192.168.1.37,UDP,1839,523,5,Normal
2025-01-01 10:49:00,192.168.1.23,TCP,553,158,2,Normal
2025-01-01 10:50:00,192.168.1.28,TCP,18528,356,29,Suspicious
2025-01-01 10:51:00,192.168.1.24,TCP,822,222,4,Normal
2025-01-01 10:52:00,192.168.1.24,TCP,464,17,6,Normal
2025-01-01 10:53:00,192.168.1.39,TCP,331,233,7,Normal
2025-01-01 10:54:00,192.168.1.34,HTTPS,1476,21,5,Normal
2025-01-01 10:55:00,192.168.1.44,TCP,1125,93,7,Normal
2025-01-01 10:56:00,192.168.1.25,TCP,440,220,3,Normal
2025-01-01 10:57:00,192.168.1.2,HTTP,245,476,4,Normal
2025-01-01 10:58:00,192.168.1.34,UDP,1033,12,5,Normal
2025-01-01 10:59:00,192.168.1.39,UDP,132,599,2,Normal
2025-01-01 11:00:00,192.168.1.40,TCP,36773,221,7,Suspicious
2025-01-01 11:01:00,192.168.1.47,HTTP,1329,236,7,Normal
2025-01-01 11:02:00,192.168.1.20,ICMP,139,189,6,Normal
2025-01-01 11:03:00,192.168.1.9,TCP,1629,493,4,Normal
2025-01-01 11:04:00,192.168.1.5,ICMP,97,658,8,Normal
2025-01-01 11:05:00,192.168.1.48,HTTPS,262,101,3,Normal
2025-01-01 11:06:00,192.168.1.26,TCP,97,740,4,Normal
2025-01-01 11:07:00,192.168.1.35,HTTP,1180,1107,4,Normal
2025-01-01 11:08:00,192.168.1.17,TCP,280,101,4,Normal
2025-01-01 11:09:00,192.168.1.40,UDP,456,96,7,Normal
2025-01-01 11:10:00,192.168.1.14,TCP,17994,100,149,Suspicious
2025-01-01 11:11:00,192.168.1.32,HTTP,1583,521,3,Normal
2025-01-01 11:12:00,192.168.1.12,HTTP,324,42,9,Normal
2025-01-01 11:13:00,192.168.1.3,UDP,66,982,6,Normal
2025-01-01 11:14:00,192.168.1.39,UDP,86,1032,3,Normal
2025-01-01 11:15:00,192.168.1.10,TCP,908,111,7,Normal
2025-01-01 11:16:00,192.168.1.30,UDP,160,721,4,Normal
2025-01-01 11:17:00,192.168.1.42,TCP,627,113,3,Normal
2025-01-01 11:18:00,192.168.1.32,UDP,207,581,4,Normal
2025-01-01 11:19:00,192.168.1.42,TCP,39,230,1,Normal
2025-01-01 11:20:00,192.168.1.15,TCP,26292,48,140,Suspicious
2025-01-01 11:21:00,192.168.1.29,UDP,719,434,5,Normal
2025-01-01 11:22:00,192.168.1.33,TCP,121,103,6,Normal
2025-01-01 11:23:00,192.168.1.22,HTTP,1051,239,7,Normal
2025-01-01 11:24:00,192.168.1.25,HTTPS,322,114,6,Normal
2025-01-01 11:25:00,192.168.1.33,TCP,1069,47,6,Normal
2025-01-01 11:26:00,192.168.1.21,TCP,389,339,7,Normal
2025-01-01 11:27:00,192.168.1.15,HTTPS,949,160,2,Normal
2025-01-01 11:28:00,192.168.1.47,TCP,395,171,4,Normal
2025-01-01 11:29:00,192.168.1.21,ICMP,217,118,4,Normal
2025-01-01 11:30:00,192.168.1.46,HTTPS,16657,82,163,Suspicious
2025-01-01 11:31:00,192.168.1.30,TCP,903,32,2,Normal
2025-01-01 11:32:00,192.168.1.42,TCP,106,210,3,Normal
2025-01-01 11:33:00,192.168.1.18,UDP,848,962,5,Normal
2025-01-01 11:34:00,192.168.1.37,TCP,827,90,8,Normal
2025-01-01 11:35:00,192.168.1.12,UDP,81,809,2,Normal
2025-01-01 11:36:00,192.168.1.2,TCP,296,530,6,Normal
2025-01-01 11:37:00,192.168.1.27,HTTPS,1435,220,4,Normal
2025-01-01 11:38:00,192.168.1.35,TCP,1291,221,1,Normal
2025-01-01 11:39:00,192.168.1.15,TCP,350,60,8,Normal
2025-01-01 11:40:00,192.168.1.25,UDP,21693,99,143,Suspicious
2025-01-01 11:41:00,192.168.1.48,TCP,1102,2,4,Normal
2025-01-01 11:42:00,192.168.1.42,TCP,1066,161,7,Normal
2025-01-01 11:43:00,192.168.1.43,ICMP,60,444,5,Normal
2025-01-01 11:44:00,192.168.1.44,HTTP,1212,242,2,Normal
2025-01-01 11:45:00,192.168.1.44,HTTP,492,331,4,Normal
2025-01-01 11:46:00,192.168.1.33,UDP,491,665,4,Normal
2025-01-01 11:47:00,192.168.1.22,HTTP,157,519,7,Normal
2025-01-01 11:48:00,192.168.1.10,UDP,489,42,7,Normal
2025-01-01 11:49:00,192.168.1.46,HTTPS,735,70,5,Normal
2025-01-01 11:50:00,192.168.1.32,TCP,28085,46,141,Suspicious
2025-01-01 11:51:00,192.168.1.48,TCP,365,35,5,Normal
2025-01-01 11:52:00,192.168.1.25,HTTPS,1028,22,4,Normal
2025-01-01 11:53:00,192.168.1.8,HTTPS,1460,84,5,Normal
2025-01-01 11:54:00,192.168.1.47,TCP,412,22,6,Normal
2025-01-01 11:55:00,192.168.1.26,TCP,855,708,3,Normal
2025-01-01 11:56:00,192.168.1.28,TCP,383,55,8,Normal
2025-01-01 11:57:00,192.168.1.22,TCP,148,63,1,Normal
2025-01-01 11:58:00,192.168.1.32,TCP,106,146,5,Normal
2025-01-01 11:59:00,192.168.1.49,TCP,539,169,4,Normal
2025-01-01 12:00:00,192.168.1.29,UDP,21249,491,6,Suspicious
2025-01-01 12:01:00,192.168.1.30,HTTPS,808,298,3,Normal
2025-01-01 12:02:00,192.168.1.4,ICMP,326,154,4,Normal
2025-01-01 12:03:00,192.168.1.25,HTTPS,20,319,6,Normal
2025-01-01 12:04:00,192.168.1.28,ICMP,541,80,3,Normal
2025-01-01 12:05:00,192.168.1.36,UDP,217,79,3,Normal
2025-01-01 12:06:00,192.168.1.49,UDP,885,129,2,Normal
2025-01-01 12:07:00,192.168.1.39,TCP,613,847,3,Normal
2025-01-01 12:08:00,192.168.1.27,TCP,567,58,6,Normal
2025-01-01 12:09:00,192.168.1.41,TCP,339,259,5,Normal
2025-01-01 12:10:00,192.168.1.18,TCP,4627,154,122,Suspicious
2025-01-01 12:11:00,192.168.1.34,HTTP,12,128,3,Normal
2025-01-01 12:12:00,192.168.1.15,TCP,31,53,5,Normal
2025-01-01 12:13:00,192.168.1.6,UDP,359,205,2,Normal
2025-01-01 12:14:00,192.168.1.5,TCP,146,523,4,Normal
2025-01-01 12:15:00,192.168.1.11,UDP,293,62,5,Normal
2025-01-01 12:16:00,192.168.1.43,UDP,168,184,2,Normal
2025-01-01 12:17:00,192.168.1.4,UDP,985,1,6,Normal
2025-01-01 12:18:00,192.168.1.24,UDP,147,315,4,Normal
2025-01-01 12:19:00,192.168.1.42,TCP,171,1235,5,Normal
2025-01-01 12:20:00,192.168.1.45,TCP,12691,543,28,Suspicious
2025-01-01 12:21:00,192.168.1.11,TCP,392,2,1,Normal
2025-01-01 12:22:00,192.168.1.29,TCP,630,86,9,Normal
2025-01-01 12:23:00,192.168.1.8,UDP,1009,915,6,Normal
2025-01-01 12:24:00,192.168.1.40,TCP,466,799,3,Normal
2025-01-01 12:25:00,192.168.1.24,TCP,206,239,11,Normal
2025-01-01 12:26:00,192.168.1.49,TCP,63,76,7,Normal
2025-01-01 12:27:00,192.168.1.3,HTTP,270,413,5,Normal
2025-01-01 12:28:00,192.168.1.19,TCP,542,187,7,Normal
2025-01-01 12:29:00,192.168.1.33,TCP,173,149,4,Normal
2025-01-01 12:30:00,192.168.1.21,UDP,59396,295,9,Suspicious
2025-01-01 12:31:00,192.168.1.34,TCP,106,549,5,Normal
2025-01-01 12:32:00,192.168.1.26,ICMP,181,58,12,Normal
2025-01-01 12:33:00,192.168.1.17,TCP,193,409,8,Normal
2025-01-01 12:34:00,192.168.1.42,TCP,59,258,6,Normal
2025-01-01 12:35:00,192.168.1.24,UDP,1122,1098,2,Normal
2025-01-01 12:36:00,192.168.1.23,UDP,361,67,3,Normal
2025-01-01 12:37:00,192.168.1.23,UDP,835,494,3,Normal
2025-01-01 12:38:00,192.168.1.8,ICMP,922,106,2,Normal
2025-01-01 12:39:00,192.168.1.22,UDP,1023,125,8,Normal
2025-01-01 12:40:00,192.168.1.24,HTTPS,13542,259,34,Suspicious
2025-01-01 12:41:00,192.168.1.4,UDP,1374,340,7,Normal
2025-01-01 12:42:00,192.168.1.5,HTTP,207,1,2,Normal
2025-01-01 12:43:00,192.168.1.14,TCP,135,177,4,Normal
2025-01-01 12:44:00,192.168.1.14,TCP,261,58,3,Normal
2025-01-01 12:45:00,192.168.1.12,ICMP,310,492,6,Normal
2025-01-01 12:46:00,192.168.1.20,UDP,40,277,5,Normal
2025-01-01 12:47:00,192.168.1.45,TCP,1271,41,9,Normal
2025-01-01 12:48:00,192.168.1.49,TCP,248,374,4,Normal
2025-01-01 12:49:00,192.168.1.48,TCP,317,585,8,Normal
2025-01-01 12:50:00,192.168.1.37,HTTP,48425,187,9,Suspicious
2025-01-01 12:51:00,192.168.1.42,TCP,1381,53,2,Normal
2025-01-01 12:52:00,192.168.1.25,TCP,555,114,6,Normal
2025-01-01 12:53:00,192.168.1.19,TCP,130,217,7,Normal
2025-01-01 12:54:00,192.168.1.36,HTTP,1442,122,3,Normal
2025-01-01 12:55:00,192.168.1.5,TCP,375,325,6,Normal
2025-01-01 12:56:00,192.168.1.44,TCP,859,285,3,Normal
2025-01-01 12:57:00,192.168.1.31,UDP,143,543,6,Normal
2025-01-01 12:58:00,192.168.1.32,TCP,4,296,5,Normal
2025-01-01 12:59:00,192.168.1.9,HTTP,691,119,3,Normal
2025-01-01 13:00:00,192.168.1.23,UDP,21980,16,146,Suspicious
2025-01-01 13:01:00,192.168.1.42,TCP,39,369,8,Normal
2025-01-01 13:02:00,192.168.1.45,TCP,185,103,7,Normal
2025-01-01 13:03:00,192.168.1.10,UDP,64,36,4,Normal
2025-01-01 13:04:00,192.168.1.18,TCP,959,597,6,Normal
2025-01-01 13:05:00,192.168.1.20,UDP,440,133,5,Normal
2025-01-01 13:06:00,192.168.1.45,HTTPS,2407,467,3,Normal
2025-01-01 13:07:00,192.168.1.48,TCP,1121,226,3,Normal
2025-01-01 13:08:00,192.168.1.8,UDP,151,1203,2,Normal
2025-01-01 13:09:00,192.168.1.31,UDP,1372,79,2,Normal
2025-01-01 13:10:00,192.168.1.44,HTTPS,14232,158,34,Suspicious
2025-01-01 13:11:00,192.168.1.33,TCP,761,459,6,Normal
2025-01-01 13:12:00,192.168.1.42,HTTPS,493,90,6,Normal
2025-01-01 13:13:00,192.168.1.24,TCP,706,89,4,Normal
2025-01-01 13:14:00,192.168.1.36,UDP,256,107,5,Normal
2025-01-01 13:15:00,192.168.1.11,TCP,130,156,6,Normal
2025-01-01 13:16:00,192.168.1.30,HTTP,951,450,3,Normal
2025-01-01 13:17:00,192.168.1.2,TCP,20,366,3,Normal
2025-01-01 13:18:00,192.168.1.9,ICMP,289,35,7,Normal
2025-01-01 13:19:00,192.168.1.40,UDP,148,890,2,Normal
2025-01-01 13:20:00,192.168.1.8,TCP,31964,156,7,Suspicious
2025-01-01 13:21:00,192.168.1.17,TCP,378,161,4,Normal
2025-01-01 13:22:00,192.168.1.30,HTTPS,379,707,3,Normal
2025-01-01 13:23:00,192.168.1.44,HTTP,719,146,7,Normal
2025-01-01 13:24:00,192.168.1.44,TCP,329,120,8,Normal
2025-01-01 13:25:00,192.168.1.33,TCP,152,547,3,Normal
2025-01-01 13:26:00,192.168.1.6,HTTP,71,111,6,Normal
2025-01-01 13:27:00,192.168.1.6,TCP,181,761,4,Normal
2025-01-01 13:28:00,192.168.1.49,TCP,613,207,8,Normal
2025-01-01 13:29:00,192.168.1.32,UDP,286,64,6,Normal
2025-01-01 13:30:00,192.168.1.44,TCP,18880,2,174,Suspicious
2025-01-01 13:31:00,192.168.1.11,TCP,72,356,4,Normal
2025-01-01 13:32:00,192.168.1.33,UDP,34,63,5,Normal
2025-01-01 13:33:00,192.168.1.26,TCP,85,57,2,Normal
2025-01-01 13:34:00,192.168.1.18,TCP,56,350,7,Normal
2025-01-01 13:35:00,192.168.1.26,TCP,67,266,5,Normal
2025-01-01 13:36:00,192.168.1.33,TCP,1199,32,1,Normal
2025-01-01 13:37:00,192.168.1.25,ICMP,301,345,3,Normal
2025-01-01 13:38:00,192.168.1.24,HTTPS,1919,3,7,Normal
2025-01-01 13:39:00,192.168.1.32,TCP,1158,10,5,Normal
2025-01-01 13:40:00,192.168.1.15,TCP,33960,650,137,Suspicious
2025-01-01 13:41:00,192.168.1.8,HTTP,199,265,2,Normal
2025-01-01 13:42:00,192.168.1.14,HTTP,296,172,7,Normal
2025-01-01 13:43:00,192.168.1.46,HTTP,149,369,2,Normal
2025-01-01 13:44:00,192.168.1.39,HTTPS,710,473,8,Normal
2025-01-01 13:45:00,192.168.1.28,TCP,102,125,7,Normal
2025-01-01 13:46:00,192.168.1.7,TCP,67,250,3,Normal
2025-01-01 13:47:00,192.168.1.22,HTTP,861,242,5,Normal
2025-01-01 13:48:00,192.168.1.8,TCP,286,983,10,Normal
2025-01-01 13:49:00,192.168.1.17,TCP,363,432,4,Normal
2025-01-01 13:50:00,192.168.1.32,TCP,21947,365,14,Suspicious
2025-01-01 13:51:00,192.168.1.29,UDP,607,103,6,Normal
2025-01-01 13:52:00,192.168.1.37,UDP,298,586,7,Normal
2025-01-01 13:53:00,192.168.1.19,UDP,238,178,4,Normal
2025-01-01 13:54:00,192.168.1.9,UDP,715,48,3,Normal
2025-01-01 13:55:00,192.168.1.37,TCP,598,0,3,Normal
2025-01-01 13:56:00,192.168.1.26,HTTP,1628,85,2,Normal
2025-01-01 13:57:00,192.168.1.48,TCP,687,16,5,Normal
2025-01-01 13:58:00,192.168.1.2,HTTP,559,36,7,Normal
2025-01-01 13:59:00,192.168.1.24,UDP,711,228,6,Normal
2025-01-01 14:00:00,192.168.1.45,TCP,47039,56,173,Suspicious
2025-01-01 14:01:00,192.168.1.45,TCP,722,5,7,Normal
2025-01-01 14:02:00,192.168.1.25,UDP,93,113,4,Normal
2025-01-01 14:03:00,192.168.1.7,TCP,453,742,5,Normal
2025-01-01 14:04:00,192.168.1.49,TCP,330,91,5,Normal
2025-01-01 14:05:00,192.168.1.43,TCP,293,456,4,Normal
2025-01-01 14:06:00,192.168.1.42,UDP,82,58,8,Normal
2025-01-01 14:07:00,192.168.1.17,HTTP,233,147,3,Normal
2025-01-01 14:08:00,192.168.1.22,TCP,2468,248,6,Normal
2025-01-01 14:09:00,192.168.1.44,TCP,41,200,4,Normal
2025-01-01 14:10:00,192.168.1.3,TCP,13342,93,135,Suspicious
2025-01-01 14:11:00,192.168.1.42,UDP,555,563,1,Normal
2025-01-01 14:12:00,192.168.1.32,UDP,4,787,3,Normal
2025-01-01 14:13:00,192.168.1.32,HTTP,866,634,4,Normal
2025-01-01 14:14:00,192.168.1.42,TCP,1209,1495,4,Normal
2025-01-01 14:15:00,192.168.1.16,UDP,53,558,8,Normal
2025-01-01 14:16:00,192.168.1.43,TCP,17,157,8,Normal
2025-01-01 14:17:00,192.168.1.14,UDP,342,109,7,Normal
2025-01-01 14:18:00,192.168.1.26,TCP,385,68,4,Normal
2025-01-01 14:19:00,192.168.1.9,HTTPS,6,56,2,Normal
2025-01-01 14:20:00,192.168.1.27,TCP,13005,72,23,Suspicious
2025-01-01 14:21:00,192.168.1.14,HTTPS,1067,150,6,Normal
2025-01-01 14:22:00,192.168.1.34,TCP,6,219,8,Normal
2025-01-01 14:23:00,192.168.1.23,ICMP,1182,597,8,Normal
2025-01-01 14:24:00,192.168.1.45,UDP,1074,205,6,Normal
2025-01-01 14:25:00,192.168.1.25,TCP,167,58,6,Normal
2025-01-01 14:26:00,192.168.1.9,TCP,169,52,3,Normal
2025-01-01 14:27:00,192.168.1.37,TCP,65,31,3,Normal
2025-01-01 14:28:00,192.168.1.28,TCP,119,145,5,Normal
2025-01-01 14:29:00,192.168.1.27,UDP,36,7,5,Normal
2025-01-01 14:30:00,192.168.1.7,TCP,43022,298,12,Suspicious
2025-01-01 14:31:00,192.168.1.33,TCP,1670,213,3,Normal
2025-01-01 14:32:00,192.168.1.21,UDP,67,194,8,Normal
2025-01-01 14:33:00,192.168.1.17,TCP,257,560,6,Normal
2025-01-01 14:34:00,192.168.1.30,UDP,179,1032,6,Normal
2025-01-01 14:35:00,192.168.1.13,UDP,4,454,6,Normal
2025-01-01 14:36:00,192.168.1.37,TCP,1044,5,6,Normal
2025-01-01 14:37:00,192.168.1.18,UDP,328,39,3,Normal
2025-01-01 14:38:00,192.168.1.8,TCP,902,459,8,Normal
2025-01-01 14:39:00,192.168.1.6,HTTPS,410,50,9,Normal
2025-01-01 14:40:00,192.168.1.7,UDP,22205,31,153,Suspicious
2025-01-01 14:41:00,192.168.1.13,TCP,1218,454,10,Normal
2025-01-01 14:42:00,192.168.1.41,HTTP,77,1102,8,Normal
2025-01-01 14:43:00,192.168.1.15,TCP,65,1174,4,Normal
2025-01-01 14:44:00,192.168.1.41,TCP,580,136,5,Normal
2025-01-01 14:45:00,192.168.1.23,HTTP,2174,244,6,Normal
2025-01-01 14:46:00,192.168.1.23,HTTP,469,575,3,Normal
2025-01-01 14:47:00,192.168.1.26,HTTP,813,227,6,Normal
2025-01-01 14:48:00,192.168.1.34,UDP,199,382,6,Normal
2025-01-01 14:49:00,192.168.1.32,TCP,1428,511,4,Normal
2025-01-01 14:50:00,192.168.1.17,TCP,37277,469,165,Suspicious
2025-01-01 14:51:00,192.168.1.49,TCP,431,206,3,Normal
2025-01-01 14:52:00,192.168.1.34,HTTPS,47,441,5,Normal
2025-01-01 14:53:00,192.168.1.5,TCP,364,144,6,Normal
2025-01-01 14:54:00,192.168.1.10,TCP,367,149,6,Normal
2025-01-01 14:55:00,192.168.1.49,TCP,15,151,5,Normal
2025-01-01 14:56:00,192.168.1.15,HTTPS,173,132,10,Normal
2025-01-01 14:57:00,192.168.1.45,TCP,70,653,8,Normal
2025-01-01 14:58:00,192.168.1.24,ICMP,791,413,5,Normal
2025-01-01 14:59:00,192.168.1.25,TCP,36,200,6,Normal
2025-01-01 15:00:00,192.168.1.7,HTTP,8339,377,30,Suspicious
2025-01-01 15:01:00,192.168.1.4,TCP,488,248,5,Normal
2025-01-01 15:02:00,192.168.1.40,HTTP,249,979,7,Normal
2025-01-01 15:03:00,192.168.1.47,UDP,794,193,5,Normal
2025-01-01 15:04:00,192.168.1.22,ICMP,264,131,5,Normal
2025-01-01 15:05:00,192.168.1.34,UDP,185,320,4,Normal
2025-01-01 15:06:00,192.168.1.15,HTTP,229,965,5,Normal
2025-01-01 15:07:00,192.168.1.6,TCP,736,291,4,Normal
2025-01-01 15:08:00,192.168.1.4,TCP,262,36,4,Normal
2025-01-01 15:09:00,192.168.1.14,HTTPS,891,190,6,Normal
2025-01-01 15:10:00,192.168.1.47,UDP,73624,476,4,Suspicious
2025-01-01 15:11:00,192.168.1.33,UDP,191,180,6,Normal
2025-01-01 15:12:00,192.168.1.44,HTTPS,257,663,6,Normal
2025-01-01 15:13:00,192.168.1.44,TCP,490,124,2,Normal
2025-01-01 15:14:00,192.168.1.23,UDP,608,203,5,Normal
2025-01-01 15:15:00,192.168.1.24,TCP,181,441,4,Normal
2025-01-01 15:16:00,192.168.1.24,HTTP,285,120,6,Normal
2025-01-01 15:17:00,192.168.1.9,UDP,544,143,4,Normal
2025-01-01 15:18:00,192.168.1.7,HTTP,360,523,12,Normal
2025-01-01 15:19:00,192.168.1.6,HTTP,808,861,4,Normal
2025-01-01 15:20:00,192.168.1.38,TCP,19213,204,28,Suspicious
2025-01-01 15:21:00,192.168.1.28,HTTP,478,167,6,Normal
2025-01-01 15:22:00,192.168.1.49,HTTPS,377,44,5,Normal
2025-01-01 15:23:00,192.168.1.30,HTTP,319,144,6,Normal
2025-01-01 15:24:00,192.168.1.41,HTTP,112,24,8,Normal
2025-01-01 15:25:00,192.168.1.20,HTTP,827,84,6,Normal
2025-01-01 15:26:00,192.168.1.13,UDP,263,627,1,Normal
2025-01-01 15:27:00,192.168.1.28,HTTPS,627,286,5,Normal
2025-01-01 15:28:00,192.168.1.38,ICMP,49,301,5,Normal
2025-01-01 15:29:00,192.168.1.4,TCP,410,107,4,Normal
2025-01-01 15:30:00,192.168.1.39,TCP,5122,16,25,Suspicious
2025-01-01 15:31:00,192.168.1.33,TCP,1488,450,7,Normal
2025-01-01 15:32:00,192.168.1.18,TCP,429,357,3,Normal
2025-01-01 15:33:00,192.168.1.15,TCP,1790,4,4,Normal
2025-01-01 15:34:00,192.168.1.9,UDP,79,62,7,Normal
2025-01-01 15:35:00,192.168.1.2,TCP,305,89,6,Normal
2025-01-01 15:36:00,192.168.1.34,TCP,1251,506,4,Normal
2025-01-01 15:37:00,192.168.1.25,TCP,3,419,2,Normal
2025-01-01 15:38:00,192.168.1.17,UDP,507,105,6,Normal
2025-01-01 15:39:00,192.168.1.22,UDP,49,901,4,Normal
2025-01-01 15:40:00,192.168.1.2,TCP,60422,311,9,Suspicious
2025-01-01 15:41:00,192.168.1.45,HTTPS,892,100,7,Normal
2025-01-01 15:42:00,192.168.1.30,HTTP,270,174,4,Normal
2025-01-01 15:43:00,192.168.1.33,TCP,772,52,3,Normal
2025-01-01 15:44:00,192.168.1.13,HTTPS,61,877,7,Normal
2025-01-01 15:45:00,192.168.1.16,HTTP,436,85,2,Normal
2025-01-01 15:46:00,192.168.1.27,HTTP,342,522,2,Normal
2025-01-01 15:47:00,192.168.1.32,UDP,217,374,2,Normal
2025-01-01 15:48:00,192.168.1.22,TCP,205,4,2,Normal
2025-01-01 15:49:00,192.168.1.28,TCP,219,469,4,Normal
2025-01-01 15:50:00,192.168.1.47,HTTPS,5339,16,25,Suspicious
2025-01-01 15:51:00,192.168.1.9,UDP,141,701,7,Normal
2025-01-01 15:52:00,192.168.1.48,TCP,1249,146,9,Normal
2025-01-01 15:53:00,192.168.1.11,TCP,1377,5,2,Normal
2025-01-01 15:54:00,192.168.1.18,UDP,49,212,6,Normal
2025-01-01 15:55:00,192.168.1.13,TCP,127,219,7,Normal
2025-01-01 15:56:00,192.168.1.42,UDP,62,17,7,Normal
2025-01-01 15:57:00,192.168.1.37,UDP,1478,21,3,Normal
2025-01-01 15:58:00,192.168.1.15,HTTP,403,179,6,Normal
2025-01-01 15:59:00,192.168.1.15,TCP,401,78,8,Normal
2025-01-01 16:00:00,192.168.1.47,HTTPS,11220,393,13,Suspicious
2025-01-01 16:01:00,192.168.1.11,ICMP,665,44,4,Normal
2025-01-01 16:02:00,192.168.1.13,TCP,922,112,8,Normal
2025-01-01 16:03:00,192.168.1.32,UDP,154,349,4,Normal
2025-01-01 16:04:00,192.168.1.5,TCP,756,256,3,Normal
2025-01-01 16:05:00,192.168.1.10,UDP,1296,47,9,Normal
2025-01-01 16:06:00,192.168.1.20,UDP,361,89,2,Normal
2025-01-01 16:07:00,192.168.1.38,TCP,594,833,4,Normal
2025-01-01 16:08:00,192.168.1.18,TCP,719,263,5,Normal
2025-01-01 16:09:00,192.168.1.36,HTTPS,768,66,8,Normal
2025-01-01 16:10:00,192.168.1.15,TCP,60508,445,11,Suspicious
2025-01-01 16:11:00,192.168.1.2,UDP,263,677,3,Normal
2025-01-01 16:12:00,192.168.1.2,HTTP,221,37,8,Normal
2025-01-01 16:13:00,192.168.1.29,UDP,1804,17,5,Normal
2025-01-01 16:14:00,192.168.1.7,TCP,228,246,5,Normal
2025-01-01 16:15:00,192.168.1.14,TCP,168,218,3,Normal
2025-01-01 16:16:00,192.168.1.26,TCP,753,397,7,Normal
2025-01-01 16:17:00,192.168.1.40,TCP,175,378,4,Normal
2025-01-01 16:18:00,192.168.1.30,UDP,888,12,2,Normal
2025-01-01 16:19:00,192.168.1.33,TCP,932,0,1,Normal
2025-01-01 16:20:00,192.168.1.24,HTTPS,29448,447,11,Suspicious
2025-01-01 16:21:00,192.168.1.28,TCP,294,2283,5,Normal
2025-01-01 16:22:00,192.168.1.24,TCP,320,339,4,Normal
2025-01-01 16:23:00,192.168.1.14,TCP,146,120,6,Normal
2025-01-01 16:24:00,192.168.1.29,TCP,191,385,6,Normal
2025-01-01 16:25:00,192.168.1.29,UDP,628,34,3,Normal
2025-01-01 16:26:00,192.168.1.3,HTTPS,693,555,4,Normal
2025-01-01 16:27:00,192.168.1.25,UDP,186,721,4,Normal
2025-01-01 16:28:00,192.168.1.47,TCP,437,886,6,Normal
2025-01-01 16:29:00,192.168.1.40,TCP,202,58,4,Normal
2025-01-01 16:30:00,192.168.1.45,TCP,49214,271,11,Suspicious
2025-01-01 16:31:00,192.168.1.17,HTTPS,1116,318,1,Normal
2025-01-01 16:32:00,192.168.1.28,HTTP,1127,322,4,Normal
2025-01-01 16:33:00,192.168.1.18,TCP,127,245,3,Normal
2025-01-01 16:34:00,192.168.1.29,UDP,1116,648,5,Normal
2025-01-01 16:35:00,192.168.1.35,HTTPS,384,390,4,Normal
2025-01-01 16:36:00,192.168.1.21,HTTP,350,673,7,Normal
2025-01-01 16:37:00,192.168.1.4,TCP,1197,6,4,Normal
2025-01-01 16:38:00,192.168.1.18,TCP,707,77,5,Normal
2025-01-01 16:39:00,192.168.1.11,TCP,180,93,5,Normal
2025-01-01 16:40:00,192.168.1.48,TCP,12381,115,21,Suspicious
2025-01-01 16:41:00,192.168.1.19,ICMP,1238,951,3,Normal
2025-01-01 16:42:00,192.168.1.44,TCP,860,203,7,Normal
2025-01-01 16:43:00,192.168.1.5,UDP,878,340,2,Normal
2025-01-01 16:44:00,192.168.1.9,HTTPS,253,294,7,Normal
2025-01-01 16:45:00,192.168.1.25,HTTP,269,78,8,Normal
2025-01-01 16:46:00,192.168.1.16,TCP,344,183,4,Normal
2025-01-01 16:47:00,192.168.1.16,HTTP,278,295,9,Normal
2025-01-01 16:48:00,192.168.1.42,TCP,10,220,6,Normal
2025-01-01 16:49:00,192.168.1.44,TCP,182,116,3,Normal
2025-01-01 16:50:00,192.168.1.25,TCP,18769,571,166,Suspicious
2025-01-01 16:51:00,192.168.1.30,TCP,557,280,7,Normal
2025-01-01 16:52:00,192.168.1.19,TCP,8,136,5,Normal
2025-01-01 16:53:00,192.168.1.11,HTTP,2072,6,3,Normal
2025-01-01 16:54:00,192.168.1.10,TCP,443,208,7,Normal
2025-01-01 16:55:00,192.168.1.38,TCP,185,180,5,Normal
2025-01-01 16:56:00,192.168.1.43,UDP,805,263,9,Normal
2025-01-01 16:57:00,192.168.1.32,TCP,190,339,5,Normal
2025-01-01 16:58:00,192.168.1.33,HTTP,163,137,2,Normal
2025-01-01 16:59:00,192.168.1.45,TCP,518,162,6,Normal
2025-01-01 17:00:00,192.168.1.34,TCP,25976,87,140,Suspicious
2025-01-01 17:01:00,192.168.1.22,TCP,475,130,2,Normal
2025-01-01 17:02:00,192.168.1.26,TCP,269,129,4,Normal
2025-01-01 17:03:00,192.168.1.35,HTTP,128,2,5,Normal
2025-01-01 17:04:00,192.168.1.26,TCP,771,141,6,Normal
2025-01-01 17:05:00,192.168.1.39,TCP,212,123,5,Normal
2025-01-01 17:06:00,192.168.1.44,TCP,98,215,8,Normal
2025-01-01 17:07:00,192.168.1.22,TCP,420,84,8,Normal
2025-01-01 17:08:00,192.168.1.34,HTTPS,469,152,4,Normal
2025-01-01 17:09:00,192.168.1.41,TCP,789,461,5,Normal
2025-01-01 17:10:00,192.168.1.16,UDP,10645,96,34,Suspicious
2025-01-01 17:11:00,192.168.1.27,TCP,211,354,13,Normal
2025-01-01 17:12:00,192.168.1.35,TCP,78,261,3,Normal
2025-01-01 17:13:00,192.168.1.9,HTTPS,88,138,7,Normal
2025-01-01 17:14:00,192.168.1.27,TCP,25,200,5,Normal
2025-01-01 17:15:00,192.168.1.44,TCP,903,505,2,Normal
2025-01-01 17:16:00,192.168.1.21,UDP,620,108,6,Normal
2025-01-01 17:17:00,192.168.1.42,TCP,795,169,4,Normal
2025-01-01 17:18:00,192.168.1.27,TCP,599,454,6,Normal
2025-01-01 17:19:00,192.168.1.28,HTTP,283,159,4,Normal
2025-01-01 17:20:00,192.168.1.22,UDP,7126,152,123,Suspicious
2025-01-01 17:21:00,192.168.1.49,ICMP,728,707,6,Normal
2025-01-01 17:22:00,192.168.1.24,UDP,693,213,4,Normal
2025-01-01 17:23:00,192.168.1.36,TCP,1414,220,6,Normal
2025-01-01 17:24:00,192.168.1.39,TCP,127,95,5,Normal
2025-01-01 17:25:00,192.168.1.9,TCP,403,226,4,Normal
2025-01-01 17:26:00,192.168.1.7,UDP,450,306,2,Normal
2025-01-01 17:27:00,192.168.1.31,UDP,47,192,5,Normal
2025-01-01 17:28:00,192.168.1.32,HTTP,689,609,5,Normal
2025-01-01 17:29:00,192.168.1.25,TCP,1210,811,1,Normal
2025-01-01 17:30:00,192.168.1.27,UDP,23925,983,181,Suspicious
2025-01-01 17:31:00,192.168.1.28,ICMP,723,55,5,Normal
2025-01-01 17:32:00,192.168.1.13,HTTP,2452,341,10,Normal
2025-01-01 17:33:00,192.168.1.11,ICMP,359,373,3,Normal
2025-01-01 17:34:00,192.168.1.23,TCP,1197,72,2,Normal
2025-01-01 17:35:00,192.168.1.8,TCP,610,251,3,Normal
2025-01-01 17:36:00,192.168.1.41,ICMP,289,106,3,Normal
2025-01-01 17:37:00,192.168.1.43,TCP,127,499,2,Normal
2025-01-01 17:38:00,192.168.1.29,TCP,71,6,2,Normal
2025-01-01 17:39:00,192.168.1.6,HTTP,197,390,4,Normal
2025-01-01 17:40:00,192.168.1.26,HTTPS,36829,100,140,Suspicious
2025-01-01 17:41:00,192.168.1.11,TCP,952,54,4,Normal
2025-01-01 17:42:00,192.168.1.35,HTTP,471,135,4,Normal
2025-01-01 17:43:00,192.168.1.28,HTTP,130,224,5,Normal
2025-01-01 17:44:00,192.168.1.23,ICMP,193,386,2,Normal
2025-01-01 17:45:00,192.168.1.47,TCP,23,61,6,Normal
2025-01-01 17:46:00,192.168.1.7,TCP,454,191,4,Normal
2025-01-01 17:47:00,192.168.1.16,HTTP,89,175,5,Normal
2025-01-01 17:48:00,192.168.1.47,TCP,1138,595,6,Normal
2025-01-01 17:49:00,192.168.1.40,TCP,600,310,5,Normal
2025-01-01 17:50:00,192.168.1.45,TCP,38612,449,158,Suspicious
2025-01-01 17:51:00,192.168.1.5,TCP,1546,41,5,Normal
2025-01-01 17:52:00,192.168.1.15,TCP,30,978,4,Normal
2025-01-01 17:53:00,192.168.1.16,TCP,964,191,7,Normal
2025-01-01 17:54:00,192.168.1.42,HTTP,55,178,4,Normal
2025-01-01 17:55:00,192.168.1.23,HTTPS,207,34,3,Normal
2025-01-01 17:56:00,192.168.1.46,UDP,935,191,9,Normal
2025-01-01 17:57:00,192.168.1.19,TCP,244,275,3,Normal
2025-01-01 17:58:00,192.168.1.3,ICMP,148,57,6,Normal
2025-01-01 17:59:00,192.168.1.8,TCP,361,266,7,Normal
2025-01-01 18:00:00,192.168.1.12,TCP,35363,104,149,Suspicious
2025-01-01 18:01:00,192.168.1.31,TCP,12,416,7,Normal
2025-01-01 18:02:00,192.168.1.33,HTTPS,28,268,2,Normal
2025-01-01 18:03:00,192.168.1.47,TCP,1690,728,8,Normal
2025-01-01 18:04:00,192.168.1.26,HTTP,978,155,8,Normal
2025-01-01 18:05:00,192.168.1.39,UDP,108,148,9,Normal
2025-01-01 18:06:00,192.168.1.10,UDP,178,153,6,Normal
2025-01-01 18:07:00,192.168.1.9,HTTP,327,613,6,Normal
2025-01-01 18:08:00,192.168.1.43,UDP,125,236,5,Normal
2025-01-01 18:09:00,192.168.1.23,HTTPS,146,623,6,Normal
2025-01-01 18:10:00,192.168.1.4,TCP,9100,48,147,Suspicious
2025-01-01 18:11:00,192.168.1.23,TCP,155,298,5,Normal
2025-01-01 18:12:00,192.168.1.42,TCP,624,12,3,Normal
2025-01-01 18:13:00,192.168.1.30,UDP,1004,42,5,Normal
2025-01-01 18:14:00,192.168.1.8,TCP,987,503,1,Normal
2025-01-01 18:15:00,192.168.1.26,TCP,178,76,6,Normal
2025-01-01 18:16:00,192.168.1.20,TCP,70,513,8,Normal
2025-01-01 18:17:00,192.168.1.41,UDP,676,397,5,Normal
2025-01-01 18:18:00,192.168.1.5,TCP,1039,436,5,Normal
2025-01-01 18:19:00,192.168.1.34,UDP,314,591,7,Normal
2025-01-01 18:20:00,192.168.1.22,TCP,69589,410,8,Suspicious
2025-01-01 18:21:00,192.168.1.7,UDP,88,111,7,Normal
2025-01-01 18:22:00,192.168.1.33,TCP,87,4,6,Normal
2025-01-01 18:23:00,192.168.1.6,HTTPS,99,326,6,Normal
2025-01-01 18:24:00,192.168.1.18,TCP,332,26,9,Normal
2025-01-01 18:25:00,192.168.1.20,TCP,502,252,7,Normal
2025-01-01 18:26:00,192.168.1.49,TCP,487,62,9,Normal
2025-01-01 18:27:00,192.168.1.7,HTTP,129,7,4,Normal
2025-01-01 18:28:00,192.168.1.24,TCP,29,16,4,Normal
2025-01-01 18:29:00,192.168.1.24,HTTPS,266,165,6,Normal
2025-01-01 18:30:00,192.168.1.46,TCP,23102,409,10,Suspicious
2025-01-01 18:31:00,192.168.1.47,HTTP,403,379,4,Normal
2025-01-01 18:32:00,192.168.1.33,HTTP,255,10,5,Normal
2025-01-01 18:33:00,192.168.1.14,TCP,1349,92,3,Normal
2025-01-01 18:34:00,192.168.1.28,TCP,165,278,5,Normal
2025-01-01 18:35:00,192.168.1.41,TCP,27,286,2,Normal
2025-01-01 18:36:00,192.168.1.22,TCP,126,575,5,Normal
2025-01-01 18:37:00,192.168.1.15,TCP,397,37,1,Normal
2025-01-01 18:38:00,192.168.1.43,HTTPS,2197,192,4,Normal
2025-01-01 18:39:00,192.168.1.42,HTTP,460,182,5,Normal
2025-01-01 18:40:00,192.168.1.42,ICMP,42418,163,11,Suspicious
2025-01-01 18:41:00,192.168.1.17,TCP,93,144,6,Normal
2025-01-01 18:42:00,192.168.1.2,TCP,1666,155,2,Normal
2025-01-01 18:43:00,192.168.1.28,HTTPS,695,267,8,Normal
2025-01-01 18:44:00,192.168.1.27,TCP,431,20,3,Normal
2025-01-01 18:45:00,192.168.1.36,TCP,129,66,6,Normal
2025-01-01 18:46:00,192.168.1.37,TCP,1977,132,6,Normal
2025-01-01 18:47:00,192.168.1.24,TCP,394,47,7,Normal
2025-01-01 18:48:00,192.168.1.21,TCP,783,31,6,Normal
2025-01-01 18:49:00,192.168.1.4,ICMP,150,853,5,Normal
2025-01-01 18:50:00,192.168.1.38,TCP,21273,495,152,Suspicious
2025-01-01 18:51:00,192.168.1.8,TCP,8,593,2,Normal
2025-01-01 18:52:00,192.168.1.38,TCP,522,135,4,Normal
2025-01-01 18:53:00,192.168.1.26,TCP,163,803,6,Normal
2025-01-01 18:54:00,192.168.1.42,TCP,606,60,8,Normal
2025-01-01 18:55:00,192.168.1.36,UDP,143,255,9,Normal
2025-01-01 18:56:00,192.168.1.23,HTTPS,184,647,6,Normal
2025-01-01 18:57:00,192.168.1.40,UDP,1,802,5,Normal
2025-01-01 18:58:00,192.168.1.38,HTTP,578,5,3,Normal
2025-01-01 18:59:00,192.168.1.41,TCP,429,995,2,Normal
2025-01-01 19:00:00,192.168.1.46,TCP,45644,478,13,Suspicious
2025-01-01 19:01:00,192.168.1.10,UDP,986,517,5,Normal
2025-01-01 19:02:00,192.168.1.5,TCP,210,270,6,Normal
2025-01-01 19:03:00,192.168.1.31,TCP,520,748,6,Normal
2025-01-01 19:04:00,192.168.1.48,TCP,204,596,7,Normal
2025-01-01 19:05:00,192.168.1.43,TCP,121,320,7,Normal
2025-01-01 19:06:00,192.168.1.4,TCP,911,580,6,Normal
2025-01-01 19:07:00,192.168.1.33,TCP,401,96,1,Normal
2025-01-01 19:08:00,192.168.1.40,UDP,306,97,4,Normal
2025-01-01 19:09:00,192.168.1.12,UDP,11,582,8,Normal
2025-01-01 19:10:00,192.168.1.40,TCP,14130,5,28,Suspicious
2025-01-01 19:11:00,192.168.1.45,UDP,1111,735,2,Normal
2025-01-01 19:12:00,192.168.1.37,HTTP,582,6,4,Normal
2025-01-01 19:13:00,192.168.1.15,TCP,61,259,3,Normal
2025-01-01 19:14:00,192.168.1.31,TCP,1474,187,4,Normal
2025-01-01 19:15:00,192.168.1.17,TCP,1000,649,2,Normal
2025-01-01 19:16:00,192.168.1.24,HTTPS,47,42,3,Normal
2025-01-01 19:17:00,192.168.1.35,TCP,451,21,2,Normal
2025-01-01 19:18:00,192.168.1.29,UDP,262,69,3,Normal
2025-01-01 19:19:00,192.168.1.5,TCP,699,429,1,Normal
2025-01-01 19:20:00,192.168.1.28,ICMP,59983,217,8,Suspicious
2025-01-01 19:21:00,192.168.1.2,TCP,2595,11,4,Normal
2025-01-01 19:22:00,192.168.1.45,HTTP,667,72,7,Normal
2025-01-01 19:23:00,192.168.1.46,HTTP,510,177,8,Normal
2025-01-01 19:24:00,192.168.1.48,TCP,68,236,10,Normal
2025-01-01 19:25:00,192.168.1.45,TCP,936,332,5,Normal
2025-01-01 19:26:00,192.168.1.5,HTTP,171,97,8,Normal
2025-01-01 19:27:00,192.168.1.47,TCP,88,82,7,Normal
2025-01-01 19:28:00,192.168.1.24,TCP,819,41,5,Normal
2025-01-01 19:29:00,192.168.1.19,HTTPS,380,31,4,Normal
2025-01-01 19:30:00,192.168.1.33,TCP,5659,224,141,Suspicious
2025-01-01 19:31:00,192.168.1.46,HTTP,414,38,5,Normal
2025-01-01 19:32:00,192.168.1.33,HTTPS,778,41,1,Normal
2025-01-01 19:33:00,192.168.1.35,ICMP,630,181,3,Normal
2025-01-01 19:34:00,192.168.1.2,HTTP,160,44,2,Normal
2025-01-01 19:35:00,192.168.1.5,TCP,633,35,5,Normal
2025-01-01 19:36:00,192.168.1.26,TCP,205,105,3,Normal
2025-01-01 19:37:00,192.168.1.25,UDP,374,30,5,Normal
2025-01-01 19:38:00,192.168.1.47,HTTPS,462,68,9,Normal
2025-01-01 19:39:00,192.168.1.5,TCP,668,179,8,Normal
2025-01-01 19:40:00,192.168.1.6,HTTP,44240,29,172,Suspicious
2025-01-01 19:41:00,192.168.1.41,TCP,198,43,2,Normal
2025-01-01 19:42:00,192.168.1.47,UDP,892,561,9,Normal
2025-01-01 19:43:00,192.168.1.32,TCP,482,175,7,Normal
2025-01-01 19:44:00,192.168.1.21,TCP,160,45,0,Normal
2025-01-01 19:45:00,192.168.1.21,UDP,256,168,3,Normal
2025-01-01 19:46:00,192.168.1.40,TCP,84,965,2,Normal
2025-01-01 19:47:00,192.168.1.40,UDP,36,233,4,Normal
2025-01-01 19:48:00,192.168.1.42,TCP,1019,178,7,Normal
2025-01-01 19:49:00,192.168.1.44,HTTPS,1236,119,6,Normal
2025-01-01 19:50:00,192.168.1.32,TCP,35040,437,9,Suspicious
2025-01-01 19:51:00,192.168.1.33,ICMP,2509,340,5,Normal
2025-01-01 19:52:00,192.168.1.47,UDP,832,172,8,Normal
2025-01-01 19:53:00,192.168.1.19,UDP,506,1077,3,Normal
2025-01-01 19:54:00,192.168.1.24,HTTP,104,238,3,Normal
2025-01-01 19:55:00,192.168.1.25,TCP,170,296,5,Normal
2025-01-01 19:56:00,192.168.1.36,UDP,103,58,10,Normal
2025-01-01 19:57:00,192.168.1.22,HTTPS,1541,445,9,Normal
2025-01-01 19:58:00,192.168.1.22,UDP,1823,119,7,Normal
2025-01-01 19:59:00,192.168.1.9,HTTP,903,78,3,Normal
2025-01-01 20:00:00,192.168.1.43,HTTPS,19318,57,147,Suspicious
2025-01-01 20:01:00,192.168.1.8,TCP,812,72,7,Normal
2025-01-01 20:02:00,192.168.1.47,TCP,475,591,5,Normal
2025-01-01 20:03:00,192.168.1.49,HTTP,101,165,10,Normal
2025-01-01 20:04:00,192.168.1.42,TCP,449,79,6,Normal
2025-01-01 20:05:00,192.168.1.27,HTTPS,349,57,13,Normal
2025-01-01 20:06:00,192.168.1.48,UDP,399,120,3,Normal
2025-01-01 20:07:00,192.168.1.18,TCP,204,25,5,Normal
2025-01-01 20:08:00,192.168.1.30,TCP,464,289,4,Normal
2025-01-01 20:09:00,192.168.1.17,HTTPS,47,36,1,Normal
2025-01-01 20:10:00,192.168.1.2,TCP,32586,328,17,Suspicious
2025-01-01 20:11:00,192.168.1.26,HTTPS,264,432,3,Normal
2025-01-01 20:12:00,192.168.1.19,HTTP,522,253,3,Normal
2025-01-01 20:13:00,192.168.1.7,TCP,675,275,6,Normal
2025-01-01 20:14:00,192.168.1.5,UDP,757,124,8,Normal
2025-01-01 20:15:00,192.168.1.20,HTTPS,115,112,6,Normal
2025-01-01 20:16:00,192.168.1.6,ICMP,476,341,5,Normal
2025-01-01 20:17:00,192.168.1.6,HTTPS,1122,1015,2,Normal
2025-01-01 20:18:00,192.168.1.9,HTTP,765,35,7,Normal
2025-01-01 20:19:00,192.168.1.40,UDP,111,1086,6,Normal
2025-01-01 20:20:00,192.168.1.38,TCP,7179,320,29,Suspicious
2025-01-01 20:21:00,192.168.1.42,TCP,197,24,9,Normal
2025-01-01 20:22:00,192.168.1.32,HTTP,999,354,3,Normal
2025-01-01 20:23:00,192.168.1.16,TCP,304,69,10,Normal
2025-01-01 20:24:00,192.168.1.18,TCP,150,231,5,Normal
2025-01-01 20:25:00,192.168.1.43,TCP,1771,1162,5,Normal
2025-01-01 20:26:00,192.168.1.44,HTTP,627,351,8,Normal
2025-01-01 20:27:00,192.168.1.12,UDP,104,19,1,Normal
2025-01-01 20:28:00,192.168.1.37,HTTPS,330,120,5,Normal
2025-01-01 20:29:00,192.168.1.17,TCP,429,525,3,Normal
2025-01-01 20:30:00,192.168.1.39,TCP,40251,107,142,Suspicious
2025-01-01 20:31:00,192.168.1.2,TCP,400,278,6,Normal
2025-01-01 20:32:00,192.168.1.16,TCP,303,476,2,Normal
2025-01-01 20:33:00,192.168.1.21,ICMP,118,149,4,Normal
2025-01-01 20:34:00,192.168.1.35,TCP,485,745,6,Normal
2025-01-01 20:35:00,192.168.1.6,UDP,235,1213,6,Normal
2025-01-01 20:36:00,192.168.1.40,HTTPS,763,22,10,Normal
2025-01-01 20:37:00,192.168.1.31,TCP,106,317,2,Normal
2025-01-01 20:38:00,192.168.1.22,TCP,385,567,5,Normal
2025-01-01 20:39:00,192.168.1.27,TCP,465,341,6,Normal
2025-01-01 20:40:00,192.168.1.43,UDP,19113,486,13,Suspicious
2025-01-01 20:41:00,192.168.1.20,UDP,88,138,2,Normal
2025-01-01 20:42:00,192.168.1.38,TCP,240,553,6,Normal
2025-01-01 20:43:00,192.168.1.43,TCP,46,294,8,Normal
2025-01-01 20:44:00,192.168.1.5,HTTP,299,277,4,Normal
2025-01-01 20:45:00,192.168.1.9,ICMP,612,1288,9,Normal
2025-01-01 20:46:00,192.168.1.10,TCP,457,24,4,Normal
2025-01-01 20:47:00,192.168.1.38,TCP,639,499,8,Normal
2025-01-01 20:48:00,192.168.1.19,TCP,966,262,1,Normal
2025-01-01 20:49:00,192.168.1.34,HTTPS,948,559,8,Normal
2025-01-01 20:50:00,192.168.1.7,HTTP,13616,234,13,Suspicious
2025-01-01 20:51:00,192.168.1.47,HTTP,91,75,4,Normal
2025-01-01 20:52:00,192.168.1.23,UDP,94,344,7,Normal
2025-01-01 20:53:00,192.168.1.21,TCP,167,396,2,Normal
2025-01-01 20:54:00,192.168.1.19,HTTP,678,194,3,Normal
2025-01-01 20:55:00,192.168.1.8,UDP,399,39,2,Normal
2025-01-01 20:56:00,192.168.1.16,TCP,907,284,1,Normal
2025-01-01 20:57:00,192.168.1.42,UDP,1303,500,5,Normal
2025-01-01 20:58:00,192.168.1.35,HTTPS,1335,253,3,Normal
2025-01-01 20:59:00,192.168.1.8,UDP,334,61,4,Normal
2025-01-01 21:00:00,192.168.1.2,TCP,40334,210,20,Suspicious
2025-01-01 21:01:00,192.168.1.8,TCP,222,379,5,Normal
2025-01-01 21:02:00,192.168.1.6,UDP,115,47,2,Normal
2025-01-01 21:03:00,192.168.1.22,UDP,802,11,5,Normal
2025-01-01 21:04:00,192.168.1.6,TCP,108,415,4,Normal
2025-01-01 21:05:00,192.168.1.18,UDP,27,509,5,Normal
2025-01-01 21:06:00,192.168.1.24,TCP,28,0,5,Normal
2025-01-01 21:07:00,192.168.1.24,TCP,172,578,5,Normal
2025-01-01 21:08:00,192.168.1.45,TCP,233,162,5,Normal
2025-01-01 21:09:00,192.168.1.11,TCP,1112,1063,7,Normal
2025-01-01 21:10:00,192.168.1.8,HTTP,5607,122,121,Suspicious
2025-01-01 21:11:00,192.168.1.9,TCP,98,263,6,Normal
2025-01-01 21:12:00,192.168.1.2,HTTPS,489,108,6,Normal
2025-01-01 21:13:00,192.168.1.10,TCP,1535,459,5,Normal
2025-01-01 21:14:00,192.168.1.2,HTTP,1091,3,5,Normal
2025-01-01 21:15:00,192.168.1.43,HTTP,771,662,7,Normal
2025-01-01 21:16:00,192.168.1.39,HTTPS,571,311,5,Normal
2025-01-01 21:17:00,192.168.1.48,UDP,806,180,6,Normal
2025-01-01 21:18:00,192.168.1.43,UDP,1158,366,6,Normal
2025-01-01 21:19:00,192.168.1.9,TCP,293,567,8,Normal
2025-01-01 21:20:00,192.168.1.41,TCP,6936,312,32,Suspicious
2025-01-01 21:21:00,192.168.1.2,UDP,26,104,3,Normal
2025-01-01 21:22:00,192.168.1.26,TCP,219,690,5,Normal
2025-01-01 21:23:00,192.168.1.34,TCP,1408,354,4,Normal
2025-01-01 21:24:00,192.168.1.21,TCP,5,350,7,Normal
2025-01-01 21:25:00,192.168.1.22,TCP,721,967,7,Normal
2025-01-01 21:26:00,192.168.1.45,TCP,1078,35,5,Normal
2025-01-01 21:27:00,192.168.1.36,UDP,293,301,8,Normal
2025-01-01 21:28:00,192.168.1.43,UDP,81,769,5,Normal
2025-01-01 21:29:00,192.168.1.37,UDP,270,54,5,Normal
2025-01-01 21:30:00,192.168.1.32,HTTPS,28843,155,157,Suspicious
2025-01-01 21:31:00,192.168.1.15,TCP,1734,356,3,Normal
2025-01-01 21:32:00,192.168.1.36,HTTPS,3026,53,3,Normal
2025-01-01 21:33:00,192.168.1.3,HTTP,726,140,4,Normal
2025-01-01 21:34:00,192.168.1.2,TCP,211,27,7,Normal
2025-01-01 21:35:00,192.168.1.36,TCP,401,33,1,Normal
2025-01-01 21:36:00,192.168.1.19,TCP,1294,564,2,Normal
2025-01-01 21:37:00,192.168.1.6,UDP,2654,833,0,Normal
2025-01-01 21:38:00,192.168.1.44,TCP,1529,99,2,Normal
2025-01-01 21:39:00,192.168.1.35,HTTPS,471,377,3,Normal
2025-01-01 21:40:00,192.168.1.32,TCP,66299,314,15,Suspicious
2025-01-01 21:41:00,192.168.1.43,UDP,379,170,6,Normal
2025-01-01 21:42:00,192.168.1.45,TCP,216,255,5,Normal
2025-01-01 21:43:00,192.168.1.15,HTTPS,908,135,6,Normal
2025-01-01 21:44:00,192.168.1.38,TCP,435,31,4,Normal
2025-01-01 21:45:00,192.168.1.44,TCP,966,337,3,Normal
2025-01-01 21:46:00,192.168.1.35,TCP,111,847,5,Normal
2025-01-01 21:47:00,192.168.1.25,TCP,265,377,2,Normal
2025-01-01 21:48:00,192.168.1.35,TCP,648,69,7,Normal
2025-01-01 21:49:00,192.168.1.18,TCP,207,171,4,Normal
2025-01-01 21:50:00,192.168.1.24,TCP,39617,71,144,Suspicious
2025-01-01 21:51:00,192.168.1.5,UDP,1593,6,5,Normal
2025-01-01 21:52:00,192.168.1.25,TCP,949,807,4,Normal
2025-01-01 21:53:00,192.168.1.27,TCP,780,486,3,Normal
2025-01-01 21:54:00,192.168.1.35,UDP,60,239,0,Normal
2025-01-01 21:55:00,192.168.1.42,TCP,1774,389,3,Normal
2025-01-01 21:56:00,192.168.1.23,HTTP,133,91,3,Normal
2025-01-01 21:57:00,192.168.1.22,TCP,307,61,3,Normal
2025-01-01 21:58:00,192.168.1.46,ICMP,575,98,6,Normal
2025-01-01 21:59:00,192.168.1.41,HTTPS,100,111,7,Normal
2025-01-01 22:00:00,192.168.1.12,TCP,75384,441,5,Suspicious
2025-01-01 22:01:00,192.168.1.21,TCP,782,268,4,Normal
2025-01-01 22:02:00,192.168.1.14,UDP,668,0,8,Normal
2025-01-01 22:03:00,192.168.1.7,UDP,722,26,5,Normal
2025-01-01 22:04:00,192.168.1.49,ICMP,533,396,8,Normal
2025-01-01 22:05:00,192.168.1.13,HTTPS,537,136,5,Normal
2025-01-01 22:06:00,192.168.1.34,HTTPS,507,464,4,Normal
2025-01-01 22:07:00,192.168.1.6,HTTP,702,813,7,Normal
2025-01-01 22:08:00,192.168.1.11,TCP,1367,103,8,Normal
2025-01-01 22:09:00,192.168.1.28,TCP,4,426,5,Normal
2025-01-01 22:10:00,192.168.1.40,TCP,39088,20,143,Suspicious
2025-01-01 22:11:00,192.168.1.19,UDP,927,80,4,Normal
2025-01-01 22:12:00,192.168.1.25,UDP,105,626,3,Normal
2025-01-01 22:13:00,192.168.1.20,UDP,49,455,6,Normal
2025-01-01 22:14:00,192.168.1.42,TCP,622,141,4,Normal
2025-01-01 22:15:00,192.168.1.42,TCP,28,38,9,Normal
2025-01-01 22:16:00,192.168.1.32,TCP,1391,1016,7,Normal
2025-01-01 22:17:00,192.168.1.37,TCP,396,26,5,Normal
2025-01-01 22:18:00,192.168.1.19,TCP,240,91,2,Normal
2025-01-01 22:19:00,192.168.1.2,UDP,1088,379,4,Normal
2025-01-01 22:20:00,192.168.1.29,HTTP,14471,242,11,Suspicious
2025-01-01 22:21:00,192.168.1.12,HTTP,1538,78,7,Normal
2025-01-01 22:22:00,192.168.1.13,TCP,328,1038,3,Normal
2025-01-01 22:23:00,192.168.1.19,HTTPS,222,155,2,Normal
2025-01-01 22:24:00,192.168.1.39,TCP,274,759,5,Normal
2025-01-01 22:25:00,192.168.1.30,TCP,110,191,2,Normal
2025-01-01 22:26:00,192.168.1.32,UDP,141,110,10,Normal
2025-01-01 22:27:00,192.168.1.43,HTTP,460,181,5,Normal
2025-01-01 22:28:00,192.168.1.4,TCP,1375,699,6,Normal
2025-01-01 22:29:00,192.168.1.7,UDP,407,309,7,Normal
2025-01-01 22:30:00,192.168.1.46,UDP,17633,244,151,Suspicious
2025-01-01 22:31:00,192.168.1.27,TCP,1131,593,1,Normal
2025-01-01 22:32:00,192.168.1.4,HTTPS,800,286,2,Normal
2025-01-01 22:33:00,192.168.1.27,TCP,597,16,4,Normal
2025-01-01 22:34:00,192.168.1.49,TCP,790,202,2,Normal
2025-01-01 22:35:00,192.168.1.43,TCP,342,496,4,Normal
2025-01-01 22:36:00,192.168.1.12,TCP,321,34,5,Normal
2025-01-01 22:37:00,192.168.1.31,TCP,104,71,4,Normal
2025-01-01 22:38:00,192.168.1.33,HTTP,254,55,5,Normal
2025-01-01 22:39:00,192.168.1.26,TCP,1567,466,6,Normal
2025-01-01 22:40:00,192.168.1.32,UDP,19204,29,140,Suspicious
2025-01-01 22:41:00,192.168.1.32,HTTPS,39,30,6,Normal
2025-01-01 22:42:00,192.168.1.32,TCP,448,426,10,Normal
2025-01-01 22:43:00,192.168.1.36,TCP,147,105,7,Normal
2025-01-01 22:44:00,192.168.1.26,UDP,718,627,6,Normal
2025-01-01 22:45:00,192.168.1.16,UDP,246,661,6,Normal
2025-01-01 22:46:00,192.168.1.42,UDP,146,89,4,Normal
2025-01-01 22:47:00,192.168.1.30,HTTPS,119,18,4,Normal
2025-01-01 22:48:00,192.168.1.32,TCP,581,1484,7,Normal
2025-01-01 22:49:00,192.168.1.18,TCP,12,389,6,Normal
2025-01-01 22:50:00,192.168.1.22,UDP,10998,461,3,Suspicious
2025-01-01 22:51:00,192.168.1.41,TCP,515,641,3,Normal
2025-01-01 22:52:00,192.168.1.41,HTTPS,332,188,5,Normal
2025-01-01 22:53:00,192.168.1.11,TCP,290,87,5,Normal
2025-01-01 22:54:00,192.168.1.19,TCP,147,504,5,Normal
2025-01-01 22:55:00,192.168.1.41,TCP,618,261,2,Normal
2025-01-01 22:56:00,192.168.1.42,ICMP,816,400,3,Normal
2025-01-01 22:57:00,192.168.1.16,TCP,408,61,1,Normal
2025-01-01 22:58:00,192.168.1.29,ICMP,12,315,6,Normal
2025-01-01 22:59:00,192.168.1.19,HTTP,139,891,3,Normal
2025-01-01 23:00:00,192.168.1.8,TCP,32673,686,173,Suspicious
2025-01-01 23:01:00,192.168.1.13,TCP,126,317,4,Normal
2025-01-01 23:02:00,192.168.1.5,HTTP,525,150,3,Normal
2025-01-01 23:03:00,192.168.1.25,TCP,907,239,6,Normal
2025-01-01 23:04:00,192.168.1.39,TCP,224,594,5,Normal
2025-01-01 23:05:00,192.168.1.4,UDP,333,468,9,Normal
2025-01-01 23:06:00,192.168.1.10,UDP,429,912,6,Normal
2025-01-01 23:07:00,192.168.1.43,UDP,7,19,5,Normal
2025-01-01 23:08:00,192.168.1.39,UDP,995,52,2,Normal
2025-01-01 23:09:00,192.168.1.26,HTTP,810,31,6,Normal
2025-01-01 23:10:00,192.168.1.34,UDP,8159,563,31,Suspicious
2025-01-01 23:11:00,192.168.1.3,UDP,0,491,6,Normal
2025-01-01 23:12:00,192.168.1.20,TCP,103,182,2,Normal
2025-01-01 23:13:00,192.168.1.34,TCP,828,240,6,Normal
2025-01-01 23:14:00,192.168.1.3,UDP,664,102,6,Normal
2025-01-01 23:15:00,192.168.1.44,UDP,103,234,3,Normal
2025-01-01 23:16:00,192.168.1.39,TCP,543,139,6,Normal
2025-01-01 23:17:00,192.168.1.5,HTTP,368,100,4,Normal
2025-01-01 23:18:00,192.168.1.39,UDP,419,128,7,Normal
2025-01-01 23:19:00,192.168.1.42,HTTPS,4,85,7,Normal
2025-01-01 23:20:00,192.168.1.22,ICMP,36590,205,166,Suspicious
2025-01-01 23:21:00,192.168.1.31,HTTP,20,1625,9,Normal
2025-01-01 23:22:00,192.168.1.40,TCP,336,503,2,Normal
2025-01-01 23:23:00,192.168.1.15,TCP,390,75,5,Normal
2025-01-01 23:24:00,192.168.1.47,TCP,605,11,5,Normal
2025-01-01 23:25:00,192.168.1.4,TCP,143,201,7,Normal
2025-01-01 23:26:00,192.168.1.42,ICMP,193,257,5,Normal
2025-01-01 23:27:00,192.168.1.41,HTTP,313,70,5,Normal
2025-01-01 23:28:00,192.168.1.8,UDP,277,663,6,Normal
2025-01-01 23:29:00,192.168.1.46,TCP,58,694,5,Normal
2025-01-01 23:30:00,192.168.1.18,TCP,29049,164,162,Suspicious
2025-01-01 23:31:00,192.168.1.5,HTTPS,14,45,7,Normal
2025-01-01 23:32:00,192.168.1.48,TCP,33,454,2,Normal
2025-01-01 23:33:00,192.168.1.28,TCP,65,169,11,Normal
2025-01-01 23:34:00,192.168.1.21,HTTPS,625,11,8,Normal
2025-01-01 23:35:00,192.168.1.32,UDP,543,404,5,Normal
2025-01-01 23:36:00,192.168.1.9,TCP,196,60,3,Normal
2025-01-01 23:37:00,192.168.1.35,TCP,933,357,3,Normal
2025-01-01 23:38:00,192.168.1.2,TCP,436,175,1,Normal
2025-01-01 23:39:00,192.168.1.10,HTTP,538,582,9,Normal
2025-01-01 23:40:00,192.168.1.31,TCP,33472,461,142,Suspicious
2025-01-01 23:41:00,192.168.1.41,TCP,896,27,4,Normal
2025-01-01 23:42:00,192.168.1.49,TCP,518,108,5,Normal
2025-01-01 23:43:00,192.168.1.40,HTTP,287,242,8,Normal
2025-01-01 23:44:00,192.168.1.10,TCP,169,203,2,Normal
2025-01-01 23:45:00,192.168.1.39,UDP,46,1645,4,Normal
2025-01-01 23:46:00,192.168.1.49,TCP,220,149,9,Normal
2025-01-01 23:47:00,192.168.1.16,HTTP,92,192,4,Normal
2025-01-01 23:48:00,192.168.1.47,TCP,4569,135,7,Normal
2025-01-01 23:49:00,192.168.1.15,HTTP,2507,27,7,Normal
2025-01-01 23:50:00,192.168.1.35,TCP,18656,334,140,Suspicious
2025-01-01 23:51:00,192.168.1.6,TCP,726,176,4,Normal
2025-01-01 23:52:00,192.168.1.4,TCP,584,711,4,Normal
2025-01-01 23:53:00,192.168.1.39,TCP,131,150,8,Normal
2025-01-01 23:54:00,192.168.1.14,TCP,255,134,5,Normal
2025-01-01 23:55:00,192.168.1.34,UDP,443,78,7,Normal
2025-01-01 23:56:00,192.168.1.38,UDP,702,57,8,Normal
2025-01-01 23:57:00,192.168.1.25,TCP,639,19,8,Normal
2025-01-01 23:58:00,192.168.1.49,UDP,956,125,4,Normal
2025-01-01 23:59:00,192.168.1.14,TCP,59,306,5,Normal
2025-01-02 00:00:00,192.168.1.5,UDP,13199,626,143,Suspicious
2025-01-02 00:01:00,192.168.1.10,TCP,730,575,10,Normal
2025-01-02 00:02:00,192.168.1.13,TCP,1142,112,5,Normal
2025-01-02 00:03:00,192.168.1.42,TCP,533,38,6,Normal
2025-01-02 00:04:00,192.168.1.47,UDP,509,227,9,Normal
2025-01-02 00:05:00,192.168.1.48,TCP,212,688,2,Normal
2025-01-02 00:06:00,192.168.1.45,TCP,292,108,5,Normal
2025-01-02 00:07:00,192.168.1.37,UDP,247,207,4,Normal
2025-01-02 00:08:00,192.168.1.48,HTTP,259,617,3,Normal
2025-01-02 00:09:00,192.168.1.15,HTTPS,182,14,8,Normal
2025-01-02 00:10:00,192.168.1.37,TCP,73994,302,10,Suspicious
2025-01-02 00:11:00,192.168.1.27,HTTP,1697,303,7,Normal
2025-01-02 00:12:00,192.168.1.6,UDP,50,131,8,Normal
2025-01-02 00:13:00,192.168.1.30,UDP,81,111,4,Normal
2025-01-02 00:14:00,192.168.1.42,UDP,819,167,4,Normal
2025-01-02 00:15:00,192.168.1.41,UDP,263,202,3,Normal
2025-01-02 00:16:00,192.168.1.17,HTTP,344,96,3,Normal
2025-01-02 00:17:00,192.168.1.20,TCP,306,1197,4,Normal
2025-01-02 00:18:00,192.168.1.8,UDP,1909,531,8,Normal
2025-01-02 00:19:00,192.168.1.13,ICMP,386,27,7,Normal
2025-01-02 00:20:00,192.168.1.8,TCP,19172,237,12,Suspicious
2025-01-02 00:21:00,192.168.1.12,UDP,136,267,3,Normal
2025-01-02 00:22:00,192.168.1.29,TCP,870,508,8,Normal
2025-01-02 00:23:00,192.168.1.8,TCP,604,171,4,Normal
2025-01-02 00:24:00,192.168.1.18,UDP,141,150,5,Normal
2025-01-02 00:25:00,192.168.1.22,TCP,315,593,6,Normal
2025-01-02 00:26:00,192.168.1.30,TCP,132,771,3,Normal
2025-01-02 00:27:00,192.168.1.18,TCP,242,402,5,Normal
2025-01-02 00:28:00,192.168.1.26,TCP,432,188,7,Normal
2025-01-02 00:29:00,192.168.1.45,HTTP,39,21,2,Normal
2025-01-02 00:30:00,192.168.1.39,TCP,31352,128,142,Suspicious
2025-01-02 00:31:00,192.168.1.47,TCP,392,403,5,Normal
2025-01-02 00:32:00,192.168.1.14,UDP,444,257,3,Normal
2025-01-02 00:33:00,192.168.1.11,TCP,68,170,4,Normal
2025-01-02 00:34:00,192.168.1.31,HTTPS,896,349,8,Normal
2025-01-02 00:35:00,192.168.1.6,TCP,178,254,8,Normal
2025-01-02 00:36:00,192.168.1.13,HTTP,1050,32,7,Normal
2025-01-02 00:37:00,192.168.1.30,ICMP,212,655,5,Normal
2025-01-02 00:38:00,192.168.1.31,TCP,715,180,10,Normal
2025-01-02 00:39:00,192.168.1.13,HTTP,252,50,7,Normal
2025-01-02 00:40:00,192.168.1.2,TCP,6255,56,35,Suspicious
2025-01-02 00:41:00,192.168.1.41,TCP,158,311,7,Normal
2025-01-02 00:42:00,192.168.1.25,TCP,1051,1086,2,Normal
2025-01-02 00:43:00,192.168.1.4,ICMP,436,46,5,Normal
2025-01-02 00:44:00,192.168.1.47,ICMP,94,9,3,Normal
2025-01-02 00:45:00,192.168.1.39,TCP,48,82,2,Normal
2025-01-02 00:46:00,192.168.1.11,TCP,227,141,4,Normal
2025-01-02 00:47:00,192.168.1.40,TCP,209,23,4,Normal
2025-01-02 00:48:00,192.168.1.21,TCP,404,40,4,Normal
2025-01-02 00:49:00,192.168.1.27,TCP,449,202,3,Normal
2025-01-02 00:50:00,192.168.1.28,HTTPS,41214,127,10,Suspicious
2025-01-02 00:51:00,192.168.1.35,TCP,877,333,4,Normal
2025-01-02 00:52:00,192.168.1.5,TCP,218,75,10,Normal
2025-01-02 00:53:00,192.168.1.48,TCP,156,513,10,Normal
2025-01-02 00:54:00,192.168.1.16,UDP,233,407,7,Normal
2025-01-02 00:55:00,192.168.1.17,TCP,177,51,2,Normal
2025-01-02 00:56:00,192.168.1.39,TCP,3172,197,6,Normal
2025-01-02 00:57:00,192.168.1.33,TCP,96,447,1,Normal
2025-01-02 00:58:00,192.168.1.3,TCP,84,439,2,Normal
2025-01-02 00:59:00,192.168.1.31,TCP,866,461,5,Normal
